Site,Date,Species,Time,Code,lookup,Transect,OI_Site,OI_Transects,TPI_Site,TPI_Transects,Isolation,Floral_Diversity,Floral_Richness,Flora,Site_Size,Site_Isolation,Connectivity,Distance_to_Closest_External_Patch,Distance,Day,Month,Year,Wind_ms,Cloud_cover,Temp,Humidity,Radiation,FHD_Simp,Thermal_div_Simp,T_Code,OI_Patch_old,TPI_Site_old,Sp_Code,OI_old,TPI_Patch_old,Abundance,Occurrence,OI_Limestone,Limestone_percent,Limestone_ha,Limestone_km2,Size_fix,Size
1,18-05-2021,antiopa,2,11,antiopa11,1,19.170462,43.18713984,0.900468458,0.974384394,57883.369,3.040406477,5,6.197275,0.02589222,473358.4215,473.3584215,2125.704,2.125704,18,5,2021,3,0.1,26.4,0.325,2977,0.7643,0.9615,110,27.85979596,0.883087589,1,15.4306467,0.94277391,0,0,12.11,13.12,0.34,0.0034,0.02249222,0.0225
1,18-05-2021,aphrodite,2,11,aphrodite11,1,25.6952391,55.86573005,0.934974569,1.019297828,57883.369,3.040406477,5,6.197275,0.02589222,473358.4215,473.3584215,2125.704,2.125704,18,5,2021,3,0.1,26.4,0.325,2977,0.7643,0.9615,110,44.35015583,0.91514652,2,21.642221,0.983236644,0,0,18.01,13.12,0.34,0.0034,0.02249222,0.0225
1,18-05-2021,archippus,2,11,archippus11,1,8.320485241,15.47514268,0.830139353,0.908066063,57033.493,3.040406477,5,6.197275,0.02589222,473358.4215,473.3584215,2125.704,2.125704,18,5,2021,3,0.1,26.4,0.325,2977,0.7643,0.9615,110,3.085507415,0.811815376,3,3.4943202,0.874740353,0,0,0,13.12,0.34,0.0034,0.02249222,0.0225
1,18-05-2021,atalanta,2,11,atalanta11,1,16.64651856,35.75900493,0.867241029,0.951906715,57883.369,3.040406477,5,6.197275,0.02589222,473358.4215,473.3584215,2125.704,2.125704,18,5,2021,3,0.1,26.4,0.325,2977,0.7643,0.9615,110,18.30601547,0.847332423,4,12.3370816,0.915699052,0,0,10.22,13.12,0.34,0.0034,0.02249222,0.0225
1,18-05-2021,augustinus,2,11,augustinus11,1,41.20293598,79.14320984,1.003403246,1.119180232,32146.744,3.040406477,5,6.197275,0.02589222,473358.4215,473.3584215,2125.704,2.125704,18,5,2021,3,0.1,26.4,0.325,2977,0.7643,0.9615,110,65.50475779,0.976179013,5,34.3744808,1.069667681,1,1,34.06,13.12,0.34,0.0034,0.02249222,0.0225
1,18-05-2021,baptisiae,2,11,baptisiae11,1,22.74023218,50.3562117,0.866677778,0.998276574,34149.44,3.040406477,5,6.197275,0.02589222,473358.4215,473.3584215,2125.704,2.125704,18,5,2021,3,0.1,26.4,0.325,2977,0.7643,0.9615,110,38.70889173,0.835733146,6,19.0967655,0.941997754,0,0,15.23,13.12,0.34,0.0034,0.02249222,0.0225
1,18-05-2021,bellona,2,11,bellona11,1,27.66446117,59.40293716,0.944891163,1.033279346,57033.493,3.040406477,5,6.197275,0.02589222,473358.4215,473.3584215,2125.704,2.125704,18,5,2021,3,0.1,26.4,0.325,2977,0.7643,0.9615,110,48.13258714,0.924107236,7,23.3634661,0.99547974,0,0,19.93,13.12,0.34,0.0034,0.02249222,0.0225
1,18-05-2021,bimacula,2,11,bimacula11,1,26.05208867,56.48072803,0.871358652,1.044351134,57033.493,3.040406477,5,6.197275,0.02589222,473358.4215,473.3584215,2125.704,2.125704,18,5,2021,3,0.1,26.4,0.325,2977,0.7643,0.9615,110,45.00943809,0.830680554,8,21.9478634,0.970370117,0,0,18.36,13.12,0.34,0.0034,0.02249222,0.0225
1,18-05-2021,cocyta,2,11,cocyta11,1,51.31371544,89.61146077,1.047160572,1.169199406,57883.369,3.040406477,5,6.197275,0.02589222,473358.4215,473.3584215,2125.704,2.125704,18,5,2021,3,0.1,26.4,0.325,2977,0.7643,0.9615,110,78.88470033,1.018463905,9,43.0947054,1.117008947,0,0,45.02,13.12,0.34,0.0034,0.02249222,0.0225
1,18-05-2021,comyntas,2,11,comyntas11,1,16.77147963,36.1525815,0.860167945,0.949935071,57883.369,3.040406477,5,6.197275,0.02589222,473358.4215,473.3584215,2125.704,2.125704,18,5,2021,3,0.1,26.4,0.325,2977,0.7643,0.9615,110,18.70512757,0.839059767,10,12.4941046,0.911545754,0,0,10.31,13.12,0.34,0.0034,0.02249222,0.0225
1,18-05-2021,cybele,2,11,cybele11,1,20.28564447,45.63772135,0.894448054,0.979631825,57883.369,3.040406477,5,6.197275,0.02589222,473358.4215,473.3584215,2125.704,2.125704,18,5,2021,3,0.1,26.4,0.325,2977,0.7643,0.9615,110,32.19799503,0.874417625,11,16.6941611,0.9432026,0,0,13.05,13.12,0.34,0.0034,0.02249222,0.0225
1,18-05-2021,cymela,2,11,cymela11,1,21.08685758,47.15113672,0.865062421,0.981137141,32156.755,3.040406477,5,6.197275,0.02589222,473358.4215,473.3584215,2125.704,2.125704,18,5,2021,3,0.1,26.4,0.325,2977,0.7643,0.9615,110,34.79250046,0.837768179,12,17.5355331,0.931497263,0,0,13.75,13.12,0.34,0.0034,0.02249222,0.0225
1,18-05-2021,dion,2,11,dion11,1,18.43795306,41.40580456,0.786387968,0.937415475,89922.08,3.040406477,5,6.197275,0.02589222,473358.4215,473.3584215,2125.704,2.125704,18,5,2021,3,0.1,26.4,0.325,2977,0.7643,0.9615,110,24.94865791,0.750874796,13,14.5614289,0.872827879,0,0,11.53,13.12,0.34,0.0034,0.02249222,0.0225
1,18-05-2021,egeremet,2,11,egeremet11,1,29.52849977,62.80175587,0.910810621,1.090187631,57883.369,3.040406477,5,6.197275,0.02589222,473358.4215,473.3584215,2125.704,2.125704,18,5,2021,3,0.1,26.4,0.325,2977,0.7643,0.9615,110,51.73898844,0.868631241,14,25.0062045,1.013476242,0,0,21.77,13.12,0.34,0.0034,0.02249222,0.0225
1,18-05-2021,eurytheme,2,11,eurytheme11,1,4.409484431,6.273422234,0.825403153,0.895309441,57883.369,3.040406477,5,6.197275,0.02589222,473358.4215,473.3584215,2125.704,2.125704,18,5,2021,3,0.1,26.4,0.325,2977,0.7643,0.9615,110,1.07057254,0.808965127,15,1.1953948,0.865413701,0,0,3.05,13.12,0.34,0.0034,0.02249222,0.0225
1,18-05-2021,henrici,2,11,henrici11,1,55.05640544,92.05761385,1.072102795,1.218177557,32156.755,3.040406477,5,6.197275,0.02589222,473358.4215,473.3584215,2125.704,2.125704,18,5,2021,3,0.1,26.4,0.325,2977,0.7643,0.9615,110,83.65079629,1.03775423,16,46.1912218,1.155708025,1,1,49.17,13.12,0.34,0.0034,0.02249222,0.0225
1,18-05-2021,lineola,2,11,lineola11,1,35.23677062,71.70898583,0.967522463,1.123703397,57033.493,3.040406477,5,6.197275,0.02589222,473358.4215,473.3584215,2125.704,2.125704,18,5,2021,3,0.1,26.4,0.325,2977,0.7643,0.9615,110,58.54991115,0.930797495,17,29.5276374,1.056911915,0,0,27.69,13.12,0.34,0.0034,0.02249222,0.0225
1,18-05-2021,lucia,2,11,lucia11,1,47.55270433,86.36431572,1.025677711,1.122173409,57883.369,3.040406477,5,6.197275,0.02589222,473358.4215,473.3584215,2125.704,2.125704,18,5,2021,3,0.1,26.4,0.325,2977,0.7643,0.9615,110,74.09646224,1.002987352,18,19.7757581,1.080906587,0,0,40.9,13.12,0.34,0.0034,0.02249222,0.0225
1,18-05-2021,lucilius,2,11,lucilius11,1,23.50697821,51.73456001,0.871648656,1.007118776,32156.755,3.040406477,5,6.197275,0.02589222,473358.4215,473.3584215,2125.704,2.125704,18,5,2021,3,0.1,26.4,0.325,2977,0.7643,0.9615,110,40.27655535,0.839793706,19,39.9596782,0.949184367,0,0,15.94,13.12,0.34,0.0034,0.02249222,0.0225
1,18-05-2021,lygdamus,2,11,lygdamus11,1,19.25071267,43.37479449,0.902479367,0.97531584,57883.369,3.040406477,5,6.197275,0.02589222,473358.4215,473.3584215,2125.704,2.125704,18,5,2021,3,0.1,26.4,0.325,2977,0.7643,0.9615,110,28.18749965,0.885352327,20,15.5261713,0.944166993,0,0,12.17,13.12,0.34,0.0034,0.02249222,0.0225
1,18-05-2021,origenes,2,11,origenes11,1,22.15131204,49.22640893,0.867142084,0.991885995,57883.369,3.040406477,5,6.197275,0.02589222,473358.4215,473.3584215,2125.704,2.125704,18,5,2021,3,0.1,26.4,0.325,2977,0.7643,0.9615,110,37.43239727,0.837809335,21,18.5596083,0.938538698,0,0,14.7,13.12,0.34,0.0034,0.02249222,0.0225
1,18-05-2021,pegala,2,11,pegala11,1,14.08483095,29.14570083,0.87104451,0.944158871,57883.369,3.040406477,5,6.197275,0.02589222,473358.4215,473.3584215,2125.704,2.125704,18,5,2021,3,0.1,26.4,0.325,2977,0.7643,0.9615,110,11.48070036,0.853852126,22,9.1618764,0.912891184,0,0,8.54,13.12,0.34,0.0034,0.02249222,0.0225
1,18-05-2021,philodice,2,11,philodice11,1,16.15894903,34.33194391,0.88189314,0.955364159,57883.369,3.040406477,5,6.197275,0.02589222,473358.4215,473.3584215,2125.704,2.125704,18,5,2021,3,0.1,26.4,0.325,2977,0.7643,0.9615,110,16.80699249,0.86461689,23,11.7134261,0.923943945,0,0,9.89,13.12,0.34,0.0034,0.02249222,0.0225
1,18-05-2021,plexippus,2,11,plexippus11,1,18.12371539,40.48026305,0.890207267,0.96634255,57033.493,3.040406477,5,6.197275,0.02589222,473358.4215,473.3584215,2125.704,2.125704,18,5,2021,3,0.1,26.4,0.325,2977,0.7643,0.9615,110,23.70593022,0.872304532,24,14.1871206,0.933782952,0,0,11.29,13.12,0.34,0.0034,0.02249222,0.0225
1,18-05-2021,polios,2,11,polios11,1,65.60384437,97.14809218,1.104706797,1.237136646,57033.493,3.040406477,5,6.197275,0.02589222,473358.4215,473.3584215,2125.704,2.125704,18,5,2021,3,0.1,26.4,0.325,2977,0.7643,0.9615,110,93.52785205,1.073566748,25,57.059328,1.180502422,1,1,60.95,13.12,0.34,0.0034,0.02249222,0.0225
1,18-05-2021,progne,2,11,progne11,1,35.57325808,72.14795379,0.979794071,1.083225881,34149.44,3.040406477,5,6.197275,0.02589222,473358.4215,473.3584215,2125.704,2.125704,18,5,2021,3,0.1,26.4,0.325,2977,0.7643,0.9615,110,58.87927551,0.955472729,26,29.759363,1.0389928,0,0,28.05,13.12,0.34,0.0034,0.02249222,0.0225
1,18-05-2021,rapae,2,11,rapae11,1,14.62077127,30.37569679,0.866629947,0.943945713,32146.744,3.040406477,5,6.197275,0.02589222,473358.4215,473.3584215,2125.704,2.125704,18,5,2021,3,0.1,26.4,0.325,2977,0.7643,0.9615,110,12.67526889,0.848449629,27,9.8022049,0.910881276,0,0,8.88,13.12,0.34,0.0034,0.02249222,0.0225
1,18-05-2021,sassacus,2,11,sassacus11,1,45.35626985,84.1462267,1.03220487,1.203880648,57883.369,3.040406477,5,6.197275,0.02589222,473358.4215,473.3584215,2125.704,2.125704,18,5,2021,3,0.1,26.4,0.325,2977,0.7643,0.9615,110,71.22351938,0.991836358,28,38.0442984,1.130462695,0,0,38.52,13.12,0.34,0.0034,0.02249222,0.0225
1,18-05-2021,selene,2,11,selene11,1,26.24284092,56.81784214,0.925341901,1.027764457,57033.493,3.040406477,5,6.197275,0.02589222,473358.4215,473.3584215,2125.704,2.125704,18,5,2021,3,0.1,26.4,0.325,2977,0.7643,0.9615,110,45.3952649,0.901257879,29,22.1155897,0.983962988,0,0,18.54,13.12,0.34,0.0034,0.02249222,0.0225
1,18-05-2021,tharos,2,11,tharos11,1,15.41595719,32.33029432,0.861530382,0.944677828,57883.369,3.040406477,5,6.197275,0.02589222,473358.4215,473.3584215,2125.704,2.125704,18,5,2021,3,0.1,26.4,0.325,2977,0.7643,0.9615,110,14.69684641,0.841978781,30,10.7798928,0.909119447,0,0,9.4,13.12,0.34,0.0034,0.02249222,0.0225
1,18-05-2021,themistocles,2,11,themistocles11,1,12.33830808,25.34278803,0.822960539,0.916795661,57883.369,3.040406477,5,6.197275,0.02589222,473358.4215,473.3584215,2125.704,2.125704,18,5,2021,3,0.1,26.4,0.325,2977,0.7643,0.9615,110,8.048114873,0.800895799,31,7.200253,0.876666647,0,0,7.47,13.12,0.34,0.0034,0.02249222,0.0225
1,18-05-2021,tullia,2,11,tullia11,1,15.02159342,31.33500507,0.861600658,0.943236724,57033.493,3.040406477,5,6.197275,0.02589222,473358.4215,473.3584215,2125.704,2.125704,18,5,2021,3,0.1,26.4,0.325,2977,0.7643,0.9615,110,13.66170129,0.842404419,32,10.2896402,0.908324665,0,0,9.14,13.12,0.34,0.0034,0.02249222,0.0225
1,18-05-2021,vestris,2,11,vestris11,1,15.6934664,33.06652053,0.85294439,0.942394549,57883.369,3.040406477,5,6.197275,0.02589222,473358.4215,473.3584215,2125.704,2.125704,18,5,2021,3,0.1,26.4,0.325,2977,0.7643,0.9615,110,15.46573227,0.831910746,33,11.1257803,0.904140784,0,0,9.58,13.12,0.34,0.0034,0.02249222,0.0225
1,22-07-2021,antiopa,67,12,antiopa12,1,9.608756983,24.99754883,0.877139954,0.94390116,57883.369,3.584159485,7,8.676185,0.02561951,473358.4215,473.3584215,2125.704,2.125704,22,7,2021,2.3,0.15,22.4,0.539,3050,0.8108,0.9564,110,1.190652392,0.861394792,1,1.6551305,0.904689828,1,1,4.85,13.42,0.34,0.0034,0.02221951,0.022
1,22-07-2021,aphrodite,67,12,aphrodite12,1,20.10919356,51.0485549,0.908361425,0.984522571,57883.369,3.584159485,7,8.676185,0.02561951,473358.4215,473.3584215,2125.704,2.125704,22,7,2021,2.3,0.15,22.4,0.539,3050,0.8108,0.9564,110,9.909495069,0.890399385,2,7.3529352,0.939790337,0,0,12.7,13.42,0.34,0.0034,0.02221951,0.022
1,22-07-2021,archippus,67,12,archippus12,1,1.183214964,1.201616681,0.805545015,0.875928769,57033.493,3.584159485,7,8.676185,0.02561951,473358.4215,473.3584215,2125.704,2.125704,22,7,2021,2.3,0.15,22.4,0.539,3050,0.8108,0.9564,110,0.013704563,0.788945499,3,0.0662306,0.83458978,0,0,0,13.42,0.34,0.0034,0.02221951,0.022
1,22-07-2021,atalanta,67,12,atalanta12,1,6.338391783,12.58647174,0.840519812,0.91699024,57883.369,3.584159485,7,8.676185,0.02561951,473358.4215,473.3584215,2125.704,2.125704,22,7,2021,2.3,0.15,22.4,0.539,3050,0.8108,0.9564,110,0.334939508,0.822484797,4,0.8158614,0.872076321,0,0,3.09,13.42,0.34,0.0034,0.02221951,0.022
1,22-07-2021,augustinus,67,12,augustinus12,1,37.9176503,72.08065975,0.966863035,1.071433329,32146.744,3.584159485,7,8.676185,0.02561951,473358.4215,473.3584215,2125.704,2.125704,22,7,2021,2.3,0.15,22.4,0.539,3050,0.8108,0.9564,110,60.61802095,0.942200864,5,29.2019165,1.010015317,0,0,30.68,13.42,0.34,0.0034,0.02221951,0.022
1,22-07-2021,baptisiae,67,12,baptisiae12,1,15.5745647,43.25874522,0.825144069,0.944004693,34149.44,3.584159485,7,8.676185,0.02561951,473358.4215,473.3584215,2125.704,2.125704,22,7,2021,2.3,0.15,22.4,0.539,3050,0.8108,0.9564,110,4.813042358,0.797111623,6,4.2042055,0.87419344,0,0,8.88,13.42,0.34,0.0034,0.02221951,0.022
1,22-07-2021,bellona,67,12,bellona12,1,23.20061822,54.87945704,0.916995094,0.996827698,57033.493,3.584159485,7,8.676185,0.02561951,473358.4215,473.3584215,2125.704,2.125704,22,7,2021,2.3,0.15,22.4,0.539,3050,0.8108,0.9564,110,15.93127984,0.898167133,7,10.0697124,0.949939049,0,0,15.64,13.42,0.34,0.0034,0.02221951,0.022
1,22-07-2021,bimacula,67,12,bimacula12,1,20.65667773,51.74958875,0.81676074,0.973008327,57033.493,3.584159485,7,8.676185,0.02561951,473358.4215,473.3584215,2125.704,2.125704,22,7,2021,2.3,0.15,22.4,0.539,3050,0.8108,0.9564,110,10.7920689,0.77991084,8,7.8057426,0.881238324,0,0,13.21,13.42,0.34,0.0034,0.02221951,0.022
1,22-07-2021,cocyta,67,12,cocyta12,1,45.07007041,82.17075376,1.008644069,1.118870092,57883.369,3.584159485,7,8.676185,0.02561951,473358.4215,473.3584215,2125.704,2.125704,22,7,2021,2.3,0.15,22.4,0.539,3050,0.8108,0.9564,110,77.42255552,0.982648033,9,40.5648187,1.05413026,0,0,38.31,13.42,0.34,0.0034,0.02221951,0.022
1,22-07-2021,comyntas,67,12,comyntas12,1,6.474806956,13.05764056,0.831836669,0.912914741,57883.369,3.584159485,7,8.676185,0.02561951,473358.4215,473.3584215,2125.704,2.125704,22,7,2021,2.3,0.15,22.4,0.539,3050,0.8108,0.9564,110,0.354674078,0.812714973,10,0.843847,0.865294582,0,0,3.16,13.42,0.34,0.0034,0.02221951,0.022
1,22-07-2021,cybele,67,12,cybele12,1,11.44516972,31.39182726,0.867563325,0.944501689,57883.369,3.584159485,7,8.676185,0.02561951,473358.4215,473.3584215,2125.704,2.125704,22,7,2021,2.3,0.15,22.4,0.539,3050,0.8108,0.9564,110,1.981131558,0.849417951,11,2.2869072,0.899312935,4,1,5.99,13.42,0.34,0.0034,0.02221951,0.022
1,22-07-2021,cymela,67,12,cymela12,1,12.82310309,35.59367272,0.828428244,0.933267452,32156.755,3.584159485,7,8.676185,0.02561951,473358.4215,473.3584215,2125.704,2.125704,22,7,2021,2.3,0.15,22.4,0.539,3050,0.8108,0.9564,110,2.723370665,0.80370265,12,2.8478851,0.871691496,0,0,6.91,13.42,0.34,0.0034,0.02221951,0.022
1,22-07-2021,dion,67,12,dion12,1,8.527896586,20.74450121,0.738722391,0.875131114,89922.08,3.584159485,7,8.676185,0.02561951,473358.4215,473.3584215,2125.704,2.125704,22,7,2021,2.3,0.15,22.4,0.539,3050,0.8108,0.9564,110,0.832689219,0.706551349,13,1.3433065,0.795013211,0,0,4.23,13.42,0.34,0.0034,0.02221951,0.022
1,22-07-2021,egeremet,67,12,egeremet12,1,26.10465675,58.17927293,0.854197696,1.016211819,57883.369,3.584159485,7,8.676185,0.02561951,473358.4215,473.3584215,2125.704,2.125704,22,7,2021,2.3,0.15,22.4,0.539,3050,0.8108,0.9564,110,23.41890462,0.8159878,14,12.9750466,0.921054916,0,0,18.48,13.42,0.34,0.0034,0.02221951,0.022
1,22-07-2021,eurytheme,67,12,eurytheme12,1,0.351537315,0.190646346,0.803340128,0.866479802,57883.369,3.584159485,7,8.676185,0.02561951,473358.4215,473.3584215,2125.704,2.125704,22,7,2021,2.3,0.15,22.4,0.539,3050,0.8108,0.9564,110,0.00438546,0.788449079,15,0.014607,0.82939553,0,0,0.24,13.42,0.34,0.0034,0.02221951,0.022
1,22-07-2021,henrici,67,12,henrici12,1,47.31544075,83.95465885,1.026000347,1.157935728,32156.755,3.584159485,7,8.676185,0.02561951,473358.4215,473.3584215,2125.704,2.125704,22,7,2021,2.3,0.15,22.4,0.539,3050,0.8108,0.9564,110,80.94298354,0.994884311,16,44.3482716,1.080445185,0,0,40.72,13.42,0.34,0.0034,0.02221951,0.022
1,22-07-2021,lineola,67,12,lineola12,1,32.75464214,66.01538244,0.91823042,1.059293741,57033.493,3.584159485,7,8.676185,0.02561951,473358.4215,473.3584215,2125.704,2.125704,22,7,2021,2.3,0.15,22.4,0.539,3050,0.8108,0.9564,110,43.93956836,0.884961623,17,21.4551585,0.976442021,0,0,25.27,13.42,0.34,0.0034,0.02221951,0.022
1,22-07-2021,lucia,67,12,lucia12,1,42.66854338,79.46520977,0.99522284,1.082378188,57883.369,3.584159485,7,8.676185,0.02561951,473358.4215,473.3584215,2125.704,2.125704,22,7,2021,2.3,0.15,22.4,0.539,3050,0.8108,0.9564,110,72.77835337,0.974667862,18,4.9335382,1.03118862,0,0,35.75,13.42,0.34,0.0034,0.02221951,0.022
1,22-07-2021,lucilius,67,12,lucilius12,1,16.79311671,45.85807197,0.828893123,0.951250344,32156.755,3.584159485,7,8.676185,0.02561951,473358.4215,473.3584215,2125.704,2.125704,22,7,2021,2.3,0.15,22.4,0.539,3050,0.8108,0.9564,110,5.906666447,0.800036029,19,36.6244798,0.87938541,0,0,9.82,13.42,0.34,0.0034,0.02221951,0.022
1,22-07-2021,lygdamus,67,12,lygdamus12,1,9.735642097,25.50630222,0.879491551,0.945277781,57883.369,3.584159485,7,8.676185,0.02561951,473358.4215,473.3584215,2125.704,2.125704,22,7,2021,2.3,0.15,22.4,0.539,3050,0.8108,0.9564,110,1.243826095,0.863976329,20,1.6947191,0.906639088,0,0,4.92,13.42,0.34,0.0034,0.02221951,0.022
1,22-07-2021,origenes,67,12,origenes12,1,14.61832447,40.80975674,0.827771835,0.940441096,57883.369,3.584159485,7,8.676185,0.02561951,473358.4215,473.3584215,2125.704,2.125704,22,7,2021,2.3,0.15,22.4,0.539,3050,0.8108,0.9564,110,3.958974022,0.801199579,21,3.6903596,0.87426626,0,0,8.17,13.42,0.34,0.0034,0.02221951,0.022
1,22-07-2021,pegala,67,12,pegala12,1,4.106678316,6.592005926,0.84796899,0.914006209,57883.369,3.584159485,7,8.676185,0.02561951,473358.4215,473.3584215,2125.704,2.125704,22,7,2021,2.3,0.15,22.4,0.539,3050,0.8108,0.9564,110,0.088257383,0.832394574,22,0.4107811,0.875220101,0,0,2.03,13.42,0.34,0.0034,0.02221951,0.022
1,22-07-2021,philodice,67,12,philodice12,1,5.838106841,10.91259682,0.858705056,0.92506441,57883.369,3.584159485,7,8.676185,0.02561951,473358.4215,473.3584215,2125.704,2.125704,22,7,2021,2.3,0.15,22.4,0.539,3050,0.8108,0.9564,110,0.246133943,0.843054667,23,0.7151192,0.8860891,1,1,2.85,13.42,0.34,0.0034,0.02221951,0.022
1,22-07-2021,plexippus,67,12,plexippus12,1,8.105809958,19.09295916,0.866178318,0.934944048,57033.493,3.584159485,7,8.676185,0.02561951,473358.4215,473.3584215,2125.704,2.125704,22,7,2021,2.3,0.15,22.4,0.539,3050,0.8108,0.9564,110,0.702769966,0.849960402,24,1.230443,0.894555384,1,1,4,13.42,0.34,0.0034,0.02221951,0.022
1,22-07-2021,polios,67,12,polios12,1,55.22796229,88.42286449,1.0629108,1.182522035,57033.493,3.584159485,7,8.676185,0.02561951,473358.4215,473.3584215,2125.704,2.125704,22,7,2021,2.3,0.15,22.4,0.539,3050,0.8108,0.9564,110,89.45022777,1.034701328,25,56.0588914,1.11226992,0,0,49.32,13.42,0.34,0.0034,0.02221951,0.022
1,22-07-2021,progne,67,12,progne12,1,33.01886376,66.28610025,0.947150104,1.04057018,34149.44,3.584159485,7,8.676185,0.02561951,473358.4215,473.3584215,2125.704,2.125704,22,7,2021,2.3,0.15,22.4,0.539,3050,0.8108,0.9564,110,44.84297312,0.925117634,26,21.8626861,0.985701104,0,0,25.54,13.42,0.34,0.0034,0.02221951,0.022
1,22-07-2021,rapae,67,12,rapae12,1,4.499963626,7.409061693,0.842228427,0.912060375,32146.744,3.584159485,7,8.676185,0.02561951,473358.4215,473.3584215,2125.704,2.125704,22,7,2021,2.3,0.15,22.4,0.539,3050,0.8108,0.9564,110,0.120051968,0.825759051,27,0.474238,0.871045482,0,0,2.21,13.42,0.34,0.0034,0.02221951,0.022
1,22-07-2021,sassacus,67,12,sassacus12,1,41.12762007,77.05979759,0.978022521,1.133080855,57883.369,3.584159485,7,8.676185,0.02561951,473358.4215,473.3584215,2125.704,2.125704,22,7,2021,2.3,0.15,22.4,0.539,3050,0.8108,0.9564,110,69.18172798,0.941453075,28,34.1571061,1.042009327,0,0,34.1,13.42,0.34,0.0034,0.02221951,0.022
1,22-07-2021,selene,67,12,selene12,1,20.95310769,52.14776726,0.893016463,0.985524976,57033.493,3.584159485,7,8.676185,0.02561951,473358.4215,473.3584215,2125.704,2.125704,22,7,2021,2.3,0.15,22.4,0.539,3050,0.8108,0.9564,110,11.3024268,0.871198978,29,8.057843,0.931191295,0,0,13.49,13.42,0.34,0.0034,0.02221951,0.022
1,22-07-2021,tharos,67,12,tharos12,1,5.153938775,8.970727615,0.835288334,0.910387481,57883.369,3.584159485,7,8.676185,0.02561951,473358.4215,473.3584215,2125.704,2.125704,22,7,2021,2.3,0.15,22.4,0.539,3050,0.8108,0.9564,110,0.172129305,0.817576726,30,0.584923,0.866278967,3,1,2.52,13.42,0.34,0.0034,0.02221951,0.022
1,22-07-2021,themistocles,67,12,themistocles12,1,3.005817271,4.467116229,0.79334537,0.878097673,57883.369,3.584159485,7,8.676185,0.02561951,473358.4215,473.3584215,2125.704,2.125704,22,7,2021,2.3,0.15,22.4,0.539,3050,0.8108,0.9564,110,0.049336425,0.773357132,31,0.2531272,0.828319502,0,0,1.53,13.42,0.34,0.0034,0.02221951,0.022
1,22-07-2021,tullia,67,12,tullia12,1,4.81707564,8.147680106,0.835835615,0.909569677,57033.493,3.584159485,7,8.676185,0.02561951,473358.4215,473.3584215,2125.704,2.125704,22,7,2021,2.3,0.15,22.4,0.539,3050,0.8108,0.9564,110,0.145268363,0.818445921,32,0.527042,0.866262895,0,0,2.36,13.42,0.34,0.0034,0.02221951,0.022
1,22-07-2021,vestris,67,12,vestris12,1,5.398351693,9.617291079,0.824713152,0.905504938,57883.369,3.584159485,7,8.676185,0.02561951,473358.4215,473.3584215,2125.704,2.125704,22,7,2021,2.3,0.15,22.4,0.539,3050,0.8108,0.9564,110,0.197893883,0.805658975,33,0.6301356,0.858052926,0,0,2.63,13.42,0.34,0.0034,0.02221951,0.022
2,18-05-2021,antiopa,2,21,antiopa21,1,18.36989379,65.25406532,0.90955888,1.028735739,56207.78,1.312586457,5,7.939495,0.005160672,458461.806,458.461806,4318.005,4.318005,18,5,2021,5,0.05,27.8,0.345,2957,0.865,0.9649,210,70.19935832,0.912869624,1,18.6489372,1.026126694,0,0,0,0,0,0,0.005160672,0.0052
2,18-05-2021,aphrodite,2,21,aphrodite21,1,25.92997472,83.91806291,0.945344917,1.081301814,56207.78,1.312586457,5,7.939495,0.005160672,458461.806,458.461806,4318.005,4.318005,18,5,2021,5,0.05,27.8,0.345,2957,0.865,0.9649,210,87.76592536,0.949121848,2,27.5752194,1.078325463,0,0,0,0,0,0,0.005160672,0.0052
2,18-05-2021,archippus,2,21,archippus21,1,9.815426717,35.60753558,0.839723032,0.965366582,55315.378,1.312586457,5,7.939495,0.005160672,458461.806,458.461806,4318.005,4.318005,18,5,2021,5,0.05,27.8,0.345,2957,0.865,0.9649,210,27.56355061,0.843213422,3,6.3051864,0.962615966,0,0,0,0,0,0,0.005160672,0.0052
2,18-05-2021,atalanta,2,21,atalanta21,1,15.97917485,57.97241341,0.87765349,1.014162492,56207.78,1.312586457,5,7.939495,0.005160672,458461.806,458.461806,4318.005,4.318005,18,5,2021,5,0.05,27.8,0.345,2957,0.865,0.9649,210,59.48830449,0.881445723,4,15.09726,1.011174007,0,0,0,0,0,0,0.005160672,0.0052
2,18-05-2021,augustinus,2,21,augustinus21,1,42.86627171,95.64263581,1.017641875,1.20431255,31174.617,1.312586457,5,7.939495,0.005160672,458461.806,458.461806,4318.005,4.318005,18,5,2021,5,0.05,27.8,0.345,2957,0.865,0.9649,210,97.4245208,1.022827604,5,46.7633202,1.200225915,0,0,0,0,0,0,0.005160672,0.0052
2,18-05-2021,baptisiae,2,21,baptisiae21,1,22.54637379,76.59582636,0.882862225,1.095042874,33186.069,1.312586457,5,7.939495,0.005160672,458461.806,458.461806,4318.005,4.318005,18,5,2021,5,0.05,27.8,0.345,2957,0.865,0.9649,210,82.48553487,0.888756623,6,23.6624017,1.090397769,0,0,0,0,0,0,0.005160672,0.0052
2,18-05-2021,bellona,2,21,bellona21,1,28.1687749,87.28713632,0.955761428,1.098272321,55315.378,1.312586457,5,7.939495,0.005160672,458461.806,458.461806,4318.005,4.318005,18,5,2021,5,0.05,27.8,0.345,2957,0.865,0.9649,210,89.80722297,0.959720394,7,30.4149017,1.095152442,0,0,0,0,0,0,0.005160672,0.0052
2,18-05-2021,bimacula,2,21,bimacula21,1,26.33992732,84.65736145,0.892633828,1.171554747,55315.378,1.312586457,5,7.939495,0.005160672,458461.806,458.461806,4318.005,4.318005,18,5,2021,5,0.05,27.8,0.345,2957,0.865,0.9649,210,88.19645159,0.900382277,8,28.0707628,1.165448549,0,0,0,0,0,0,0.005160672,0.0052
2,18-05-2021,cocyta,2,21,cocyta21,1,56.72367866,98.82962679,1.062169304,1.258936142,56207.78,1.312586457,5,7.939495,0.005160672,458461.806,458.461806,4318.005,4.318005,18,5,2021,5,0.05,27.8,0.345,2957,0.865,0.9649,210,99.1597883,1.067635505,9,63.7410054,1.254628479,0,0,0,0,0,0,0.005160672,0.0052
2,18-05-2021,comyntas,2,21,comyntas21,1,16.08650296,58.31080155,0.871207797,1.015942003,56207.78,1.312586457,5,7.939495,0.005160672,458461.806,458.461806,4318.005,4.318005,18,5,2021,5,0.05,27.8,0.345,2957,0.865,0.9649,210,60.04387528,0.875228527,10,15.2630072,1.01277345,0,0,0,0,0,0,0.005160672,0.0052
2,18-05-2021,cybele,2,21,cybele21,1,19.63371616,68.86938876,0.904924231,1.042268555,56207.78,1.312586457,5,7.939495,0.005160672,458461.806,458.461806,4318.005,4.318005,18,5,2021,5,0.05,27.8,0.345,2957,0.865,0.9649,210,74.78980997,0.908739669,11,20.315337,1.039261783,0,0,0,0,0,0,0.005160672,0.0052
2,18-05-2021,cymela,2,21,cymela21,1,20.5817649,71.44431952,0.879337667,1.066488387,31180.929,1.312586457,5,7.939495,0.005160672,458461.806,458.461806,4318.005,4.318005,18,5,2021,5,0.05,27.8,0.345,2957,0.865,0.9649,210,77.70477418,0.884536732,12,21.4636797,1.062391242,0,0,0,0,0,0,0.005160672,0.0052
2,18-05-2021,dion,2,21,dion21,1,17.62024678,63.04768695,0.804961821,1.048467958,87036.642,1.312586457,5,7.939495,0.005160672,458461.806,458.461806,4318.005,4.318005,18,5,2021,5,0.05,27.8,0.345,2957,0.865,0.9649,210,67.06830833,0.811726444,13,17.5699307,1.043137069,0,0,0,0,0,0,0.005160672,0.0052
2,18-05-2021,egeremet,2,21,egeremet21,1,30.20354493,89.43647681,0.932870987,1.222085872,56207.78,1.312586457,5,7.939495,0.005160672,458461.806,458.461806,4318.005,4.318005,18,5,2021,5,0.05,27.8,0.345,2957,0.865,0.9649,210,91.271560590000007,0.940905404,14,33.0277976,1.215754316,0,0,0,0,0,0,0.005160672,0.0052
2,18-05-2021,eurytheme,2,21,eurytheme21,1,6.417512142,23.22209121,0.834000455,0.946712441,56207.78,1.312586457,5,7.939495,0.005160672,458461.806,458.461806,4318.005,4.318005,18,5,2021,5,0.05,27.8,0.345,2957,0.865,0.9649,210,14.7234486,0.837131605,15,3.3015522,0.944244925,0,0,0,0,0,0,0.005160672,0.0052
2,18-05-2021,henrici,2,21,henrici21,1,61.57377351,99.15375545,1.090067543,1.325588222,31180.929,1.312586457,5,7.939495,0.005160672,458461.806,458.461806,4318.005,4.318005,18,5,2021,5,0.05,27.8,0.345,2957,0.865,0.9649,210,99.45430115,1.09661033,16,68.9467581,1.320432152,0,0,0,0,0,0,0.005160672,0.0052
2,18-05-2021,lineola,2,21,lineola21,1,36.09140356,92.78196726,0.986730101,1.238545262,55315.378,1.312586457,5,7.939495,0.005160672,458461.806,458.461806,4318.005,4.318005,18,5,2021,5,0.05,27.8,0.345,2957,0.865,0.9649,210,94.99931445,0.99372555,17,39.6623435,1.233032469,0,0,0,0,0,0,0.005160672,0.0052
2,18-05-2021,lucia,2,21,lucia21,1,51.7318059,98.04042011,1.037545065,1.193127946,56207.78,1.312586457,5,7.939495,0.005160672,458461.806,458.461806,4318.005,4.318005,18,5,2021,5,0.05,27.8,0.345,2957,0.865,0.9649,210,98.7336496,1.041867172,18,24.6471807,1.189721891,0,0,0,0,0,0,0.005160672,0.0052
2,18-05-2021,lucilius,2,21,lucilius21,1,23.44929815,78.82359393,0.88830921,1.10673171,31180.929,1.312586457,5,7.939495,0.005160672,458461.806,458.461806,4318.005,4.318005,18,5,2021,5,0.05,27.8,0.345,2957,0.865,0.9649,210,84.23835248,0.894377008,19,57.6955511,1.101949957,0,0,0,0,0,0,0.005160672,0.0052
2,18-05-2021,lygdamus,2,21,lygdamus21,1,18.45858989,65.51018729,0.911437032,1.028873443,56207.78,1.312586457,5,7.939495,0.005160672,458461.806,458.461806,4318.005,4.318005,18,5,2021,5,0.05,27.8,0.345,2957,0.865,0.9649,210,70.53610113,0.914699427,20,18.7706274,1.0263025,0,0,0,0,0,0,0.005160672,0.0052
2,18-05-2021,origenes,2,21,origenes21,1,21.83860027,74.80406943,0.882483495,1.083611809,56207.78,1.312586457,5,7.939495,0.005160672,458461.806,458.461806,4318.005,4.318005,18,5,2021,5,0.05,27.8,0.345,2957,0.865,0.9649,210,80.94277018,0.888070858,21,22.9032931,1.079208665,0,0,0,0,0,0,0.005160672,0.0052
2,18-05-2021,pegala,2,21,pegala21,1,14.0190784,51.20465078,0.880036351,0.997920808,56207.78,1.312586457,5,7.939495,0.005160672,458461.806,458.461806,4318.005,4.318005,18,5,2021,5,0.05,27.8,0.345,2957,0.865,0.9649,210,49.03117887,0.883311192,22,11.9815912,0.995340055,0,0,0,0,0,0,0.005160672,0.0052
2,18-05-2021,philodice,2,21,philodice21,1,15.57218203,56.636411,0.890928844,1.009388351,56207.78,1.312586457,5,7.939495,0.005160672,458461.806,458.461806,4318.005,4.318005,18,5,2021,5,0.05,27.8,0.345,2957,0.865,0.9649,210,57.41903639,0.89421966,23,14.4531458,1.006795009,0,0,0,0,0,0,0.005160672,0.0052
2,18-05-2021,plexippus,2,21,plexippus21,1,17.3232507,62.13233883,0.899570631,1.022325811,55315.378,1.312586457,5,7.939495,0.005160672,458461.806,458.461806,4318.005,4.318005,18,5,2021,5,0.05,27.8,0.345,2957,0.865,0.9649,210,65.76850303,0.902980781,24,17.1264016,1.019638427,0,0,0,0,0,0,0.005160672,0.0052
2,18-05-2021,polios,2,21,polios21,1,76.05360583,99.6138975,1.120993449,1.33451403,55315.378,1.312586457,5,7.939495,0.005160672,458461.806,458.461806,4318.005,4.318005,18,5,2021,5,0.05,27.8,0.345,2957,0.865,0.9649,210,99.92321825,1.126925071,25,81.1615404,1.32983959,0,0,0,0,0,0,0.005160672,0.0052
2,18-05-2021,progne,2,21,progne21,1,36.38937005,92.90975402,0.99251445,1.159280631,33186.069,1.312586457,5,7.939495,0.005160672,458461.806,458.461806,4318.005,4.318005,18,5,2021,5,0.05,27.8,0.345,2957,0.865,0.9649,210,95.15397483,0.997147231,26,39.9810284,1.155629749,0,0,0,0,0,0,0.005160672,0.0052
2,18-05-2021,rapae,2,21,rapae21,1,14.39438711,52.52036087,0.87613849,1.000796998,31174.617,1.312586457,5,7.939495,0.005160672,458461.806,458.461806,4318.005,4.318005,18,5,2021,5,0.05,27.8,0.345,2957,0.865,0.9649,210,51.13774097,0.879601515,27,12.5874709,0.998067946,0,0,0,0,0,0,0.005160672,0.0052
2,18-05-2021,sassacus,2,21,sassacus21,1,48.61618558,97.32744673,1.053318113,1.330116072,56207.78,1.312586457,5,7.939495,0.005160672,458461.806,458.461806,4318.005,4.318005,18,5,2021,5,0.05,27.8,0.345,2957,0.865,0.9649,210,98.38977706,1.061007561,28,53.6492525,1.324056305,0,0,0,0,0,0,0.005160672,0.0052
2,18-05-2021,selene,2,21,selene21,1,26.55400127,85.02975293,0.937938159,1.10307709,55315.378,1.312586457,5,7.939495,0.005160672,458461.806,458.461806,4318.005,4.318005,18,5,2021,5,0.05,27.8,0.345,2957,0.865,0.9649,210,88.42186086,0.942525734,29,28.3493695,1.0994618330000001,0,0,0,0,0,0,0.005160672,0.0052
2,18-05-2021,tharos,2,21,tharos21,1,14.98575913,54.64282776,0.871756124,1.005817223,56207.78,1.312586457,5,7.939495,0.005160672,458461.806,458.461806,4318.005,4.318005,18,5,2021,5,0.05,27.8,0.345,2957,0.865,0.9649,210,54.32253819,0.875480354,30,13.5261552,1.002882328,0,0,0,0,0,0,0.005160672,0.0052
2,18-05-2021,themistocles,2,21,themistocles21,1,12.82478639,46.88841967,0.834500687,0.985793842,56207.78,1.312586457,5,7.939495,0.005160672,458461.806,458.461806,4318.005,4.318005,18,5,2021,5,0.05,27.8,0.345,2957,0.865,0.9649,210,42.5140538,0.838703625,31,10.1308607,0.982481699,0,0,0,0,0,0,0.005160672,0.0052
2,18-05-2021,tullia,2,21,tullia21,1,14.68784116,53.57391614,0.871640526,1.003264781,55315.378,1.312586457,5,7.939495,0.005160672,458461.806,458.461806,4318.005,4.318005,18,5,2021,5,0.05,27.8,0.345,2957,0.865,0.9649,210,52.70189486,0.875297031,32,13.0539503,1.000383212,0,0,0,0,0,0,0.005160672,0.0052
2,18-05-2021,vestris,2,21,vestris21,1,15.20259878,55.38212631,0.863945261,1.00816841,56207.78,1.312586457,5,7.939495,0.005160672,458461.806,458.461806,4318.005,4.318005,18,5,2021,5,0.05,27.8,0.345,2957,0.865,0.9649,210,55.47700661,0.867951793,33,13.8672082,1.005011045,0,0,0,0,0,0,0.005160672,0.0052
2,28-07-2021,antiopa,73,22,antiopa22,1,0.113028442,0.319034251,0.819421081,0.87234571,56207.78,2.020152732,3,4.763697,0.004932199,458461.806,458.461806,4318.005,4.318005,28,7,2021,2.7,0.05,23.7,0.645,3178,0.9187,0.933,210,0.100211924,0.824044359,1,0.0686365,0.8761491,0,0,0,0,0,0,0.004932199,0.0049
2,28-07-2021,aphrodite,73,22,aphrodite22,1,0.586084672,2.46800081,0.842515765,0.902892154,56207.78,2.020152732,3,4.763697,0.004932199,458461.806,458.461806,4318.005,4.318005,28,7,2021,2.7,0.05,23.7,0.645,3178,0.9187,0.933,210,0.870693762,0.847790032,2,0.2360204,0.907231087,2,1,0,0,0,0,0.004932199,0.0049
2,28-07-2021,archippus,73,22,archippus22,1,0.030881257,0.017511314,0.744694241,0.800490629,55315.378,2.020152732,3,4.763697,0.004932199,458461.806,458.461806,4318.005,4.318005,28,7,2021,2.7,0.05,23.7,0.645,3178,0.9187,0.933,210,0.018071003,0.749568384,3,0.0287929,0.804500395,0,0,0,0,0,0,0.004932199,0.0049
2,28-07-2021,atalanta,73,22,atalanta22,1,0.068709529,0.118748598,0.77440676,0.835028331,56207.78,2.020152732,3,4.763697,0.004932199,458461.806,458.461806,4318.005,4.318005,28,7,2021,2.7,0.05,23.7,0.645,3178,0.9187,0.933,210,0.056403432,0.779702412,4,0.0511986,0.839384855,0,0,0,0,0,0,0.004932199,0.0049
2,28-07-2021,augustinus,73,22,augustinus22,1,5.087801143,23.25228878,0.876456046,0.959353651,31174.617,2.020152732,3,4.763697,0.004932199,458461.806,458.461806,4318.005,4.318005,28,7,2021,2.7,0.05,23.7,0.645,3178,0.9187,0.933,210,24.81696265,0.88369764,5,5.6536411,0.965311026,0,0,0,0,0,0,0.004932199,0.0049
2,28-07-2021,baptisiae,73,22,baptisiae22,1,0.304603792,1.19022212,0.722382273,0.81660847,33186.069,2.020152732,3,4.763697,0.004932199,458461.806,458.461806,4318.005,4.318005,28,7,2021,2.7,0.05,23.7,0.645,3178,0.9187,0.933,210,0.292421679,0.730613487,6,0.1198858,0.823379966,0,0,0,0,0,0,0.004932199,0.0049
2,28-07-2021,bellona,73,22,bellona22,1,0.841907235,3.692698329,0.84797525,0.911262169,55315.378,2.020152732,3,4.763697,0.004932199,458461.806,458.461806,4318.005,4.318005,28,7,2021,2.7,0.05,23.7,0.645,3178,0.9187,0.933,210,1.84269466,0.853503736,7,0.4175472,0.915810236,0,0,0,0,0,0,0.004932199,0.0049
2,28-07-2021,bimacula,73,22,bimacula22,1,0.627513222,2.66555032,0.68167578,0.805540315,55315.378,2.020152732,3,4.763697,0.004932199,458461.806,458.461806,4318.005,4.318005,28,7,2021,2.7,0.05,23.7,0.645,3178,0.9187,0.933,210,1.019095026,0.692496078,8,0.261569,0.814441748,0,0,0,0,0,0,0.004932199,0.0049
2,28-07-2021,cocyta,73,22,cocyta22,1,13.20921671,52.37141497,0.913347379,1.000728537,56207.78,2.020152732,3,4.763697,0.004932199,458461.806,458.461806,4318.005,4.318005,28,7,2021,2.7,0.05,23.7,0.645,3178,0.9187,0.933,210,60.28103147,0.920980638,9,15.5039436,1.007008119,0,0,0,0,0,0,0.004932199,0.0049
2,28-07-2021,comyntas,73,22,comyntas22,1,0.07058573,0.126409798,0.761740046,0.826014304,56207.78,2.020152732,3,4.763697,0.004932199,458461.806,458.461806,4318.005,4.318005,28,7,2021,2.7,0.05,23.7,0.645,3178,0.9187,0.933,210,0.056951039,0.767354782,10,0.0517562,0.830633326,0,0,0,0,0,0,0.004932199,0.0049
2,28-07-2021,cybele,73,22,cybele22,1,0.153747078,0.519319904,0.801045717,0.862038241,56207.78,2.020152732,3,4.763697,0.004932199,458461.806,458.461806,4318.005,4.318005,28,7,2021,2.7,0.05,23.7,0.645,3178,0.9187,0.933,210,0.131425474,0.806373773,11,0.0787242,0.866421423,3,1,0,0,0,0,0.004932199,0.0049
2,28-07-2021,cymela,73,22,cymela22,1,0.192183847,0.69224413,0.737788762,0.820899549,31180.929,2.020152732,3,4.763697,0.004932199,458461.806,458.461806,4318.005,4.318005,28,7,2021,2.7,0.05,23.7,0.645,3178,0.9187,0.933,210,0.169757903,0.74504898,12,0.0892173,0.826872244,0,0,0,0,0,0,0.004932199,0.0049
2,28-07-2021,dion,73,22,dion22,1,0.097461043,0.245158395,0.620789262,0.728926631,87036.642,2.020152732,3,4.763697,0.004932199,458461.806,458.461806,4318.005,4.318005,28,7,2021,2.7,0.05,23.7,0.645,3178,0.9187,0.933,210,0.082140921,0.630235698,13,0.0625535,0.736697843,1,1,0,0,0,0,0.004932199,0.0049
2,28-07-2021,egeremet,73,22,egeremet22,1,1.14422916,5.249563585,0.714127238,0.842563166,56207.78,2.020152732,3,4.763697,0.004932199,458461.806,458.461806,4318.005,4.318005,28,7,2021,2.7,0.05,23.7,0.645,3178,0.9187,0.933,210,3.294946143,0.725346874,14,0.7038537,0.851793119,1,1,0,0,0,0,0.004932199,0.0049
2,28-07-2021,eurytheme,73,22,eurytheme22,1,0.022362289,0.009850114,0.748752276,0.798805953,56207.78,2.020152732,3,4.763697,0.004932199,458461.806,458.461806,4318.005,4.318005,28,7,2021,2.7,0.05,23.7,0.645,3178,0.9187,0.933,210,0.008761698,0.75312476,15,0.0216453,0.802403024,0,0,0,0,0,0,0.004932199,0.0049
2,28-07-2021,henrici,73,22,henrici22,1,16.28562881,60.72267004,0.911934677,1.016525826,31180.929,2.020152732,3,4.763697,0.004932199,458461.806,458.461806,4318.005,4.318005,28,7,2021,2.7,0.05,23.7,0.645,3178,0.9187,0.933,210,70.39312645,0.92107133,16,19.0095762,1.024042191,0,0,0,0,0,0,0.004932199,0.0049
2,28-07-2021,lineola,73,22,lineola22,1,2.506655443,12.01549751,0.796273125,0.908100405,55315.378,2.020152732,3,4.763697,0.004932199,458461.806,458.461806,4318.005,4.318005,28,7,2021,2.7,0.05,23.7,0.645,3178,0.9187,0.933,210,11.15035622,0.806041897,17,2.3811395,0.91613679,0,0,0,0,0,0,0.004932199,0.0049
2,28-07-2021,lucia,73,22,lucia22,1,10.03650986,41.99322531,0.919872066,0.988964055,56207.78,2.020152732,3,4.763697,0.004932199,458461.806,458.461806,4318.005,4.318005,28,7,2021,2.7,0.05,23.7,0.645,3178,0.9187,0.933,210,47.36738348,0.925907659,18,0.1409735,0.9939293,0,0,0,0,0,0,0.004932199,0.0049
2,28-07-2021,lucilius,73,22,lucilius22,1,0.368546755,1.466025315,0.723108319,0.820106427,31180.929,2.020152732,3,4.763697,0.004932199,458461.806,458.461806,4318.005,4.318005,28,7,2021,2.7,0.05,23.7,0.645,3178,0.9187,0.933,210,0.38770514700000003,0.731581676,19,11.6349024,0.827077124,0,0,0,0,0,0,0.004932199,0.0049
2,28-07-2021,lygdamus,73,22,lygdamus22,1,0.114549686,0.326148222,0.822615599,0.874767321,56207.78,2.020152732,3,4.763697,0.004932199,458461.806,458.461806,4318.005,4.318005,28,7,2021,2.7,0.05,23.7,0.645,3178,0.9187,0.933,210,0.101307136,0.827171359,20,0.0691434,0.878515166,0,0,0,0,0,0,0.004932199,0.0049
2,28-07-2021,origenes,73,22,origenes22,1,0.26241462,1.006353324,0.730362826,0.81968085,56207.78,2.020152732,3,4.763697,0.004932199,458461.806,458.461806,4318.005,4.318005,28,7,2021,2.7,0.05,23.7,0.645,3178,0.9187,0.933,210,0.236565852,0.738165282,21,0.106858,0.826099623,0,0,0,0,0,0,0.004932199,0.0049
2,28-07-2021,pegala,73,22,pegala22,1,0.051367345,0.065120199,0.790876044,0.843226737,56207.78,2.020152732,3,4.763697,0.004932199,458461.806,458.461806,4318.005,4.318005,28,7,2021,2.7,0.05,23.7,0.645,3178,0.9187,0.933,210,0.03833243,0.795449186,22,0.0426317,0.846988881,3,1,0,0,0,0,0.004932199,0.0049
2,28-07-2021,philodice,73,22,philodice22,1,0.065565624,0.107256798,0.801333605,0.853939669,56207.78,2.020152732,3,4.763697,0.004932199,458461.806,458.461806,4318.005,4.318005,28,7,2021,2.7,0.05,23.7,0.645,3178,0.9187,0.933,210,0.05530822,0.805929055,23,0.0493737,0.857720165,2,1,0,0,0,0,0.004932199,0.0049
2,28-07-2021,plexippus,73,22,plexippus22,1,0.091223942,0.214513596,0.806726418,0.861240126,55315.378,2.020152732,3,4.763697,0.004932199,458461.806,458.461806,4318.005,4.318005,28,7,2021,2.7,0.05,23.7,0.645,3178,0.9187,0.933,210,0.073379223,0.811488512,24,0.0597655,0.865157712,5,1,0,0,0,0,0.004932199,0.0049
2,28-07-2021,polios,73,22,polios22,1,25.87631271,79.25675417,0.959500059,1.054321299,55315.378,2.020152732,3,4.763697,0.004932199,458461.806,458.461806,4318.005,4.318005,28,7,2021,2.7,0.05,23.7,0.645,3178,0.9187,0.933,210,85.3285363,0.967783254,25,29.066143,1.061135557,0,0,0,0,0,0,0.004932199,0.0049
2,28-07-2021,progne,73,22,progne22,1,2.60239241,12.46969722,0.866383115,0.940441438,33186.069,2.020152732,3,4.763697,0.004932199,458461.806,458.461806,4318.005,4.318005,28,7,2021,2.7,0.05,23.7,0.645,3178,0.9187,0.933,210,11.67386769,0.872852546,26,2.4987948,0.945763584,0,0,0,0,0,0,0.004932199,0.0049
2,28-07-2021,rapae,73,22,rapae22,1,0.054004168,0.073875856,0.781854722,0.837213668,31174.617,2.020152732,3,4.763697,0.004932199,458461.806,458.461806,4318.005,4.318005,28,7,2021,2.7,0.05,23.7,0.645,3178,0.9187,0.933,210,0.04107046,0.786690652,27,0.0437976,0.841191997,5,1,0,0,0,0,0.004932199,0.0049
2,28-07-2021,sassacus,73,22,sassacus22,1,8.113657223,35.05381993,0.843965738,0.966887498,56207.78,2.020152732,3,4.763697,0.004932199,458461.806,458.461806,4318.005,4.318005,28,7,2021,2.7,0.05,23.7,0.645,3178,0.9187,0.933,210,39.01310421,0.854703654,28,9.3456163,0.975721165,0,0,0,0,0,0,0.004932199,0.0049
2,28-07-2021,selene,73,22,selene22,1,0.649317722,2.767882061,0.813037572,0.886373258,55315.378,2.020152732,3,4.763697,0.004932199,458461.806,458.461806,4318.005,4.318005,28,7,2021,2.7,0.05,23.7,0.645,3178,0.9187,0.933,210,1.08097452,0.819443876,29,0.2751037,0.891643472,0,0,0,0,0,0,0.004932199,0.0049
2,28-07-2021,tharos,73,22,tharos22,1,0.05968348,0.090839941,0.770360834,0.829895327,56207.78,2.020152732,3,4.763697,0.004932199,458461.806,458.461806,4318.005,4.318005,28,7,2021,2.7,0.05,23.7,0.645,3178,0.9187,0.933,210,0.047094128,0.775561523,30,0.0461294,0.834173729,0,0,0,0,0,0,0.004932199,0.0049
2,28-07-2021,themistocles,73,22,themistocles22,1,0.043456875,0.043231056,0.720072165,0.787259152,56207.78,2.020152732,3,4.763697,0.004932199,458461.806,458.461806,4318.005,4.318005,28,7,2021,2.7,0.05,23.7,0.645,3178,0.9187,0.933,210,0.029023125,0.725941344,31,0.0376639,0.792087495,0,0,0,0,0,0,0.004932199,0.0049
2,28-07-2021,tullia,73,22,tullia22,1,0.056843824,0.08372597,0.772088309,0.830540637,55315.378,2.020152732,3,4.763697,0.004932199,458461.806,458.461806,4318.005,4.318005,28,7,2021,2.7,0.05,23.7,0.645,3178,0.9187,0.933,210,0.044356097,0.777194433,32,0.0450142,0.834741237,0,0,0,0,0,0,0.004932199,0.0049
2,28-07-2021,vestris,73,22,vestris22,1,0.061559681,0.094670541,0.754864041,0.818911347,56207.78,2.020152732,3,4.763697,0.004932199,458461.806,458.461806,4318.005,4.318005,28,7,2021,2.7,0.05,23.7,0.645,3178,0.9187,0.933,210,0.049284553,0.760458951,33,0.0469405,0.823514059,1,1,0,0,0,0,0.004932199,0.0049
3,17-05-2021,antiopa,1,31,antiopa31,1,3.37897989,2.953379725,0.86971514,0.921261045,51459.297,1,1,2.690088,0.007128733,414474.554,414.474554,3963.789,3.963789,17,5,2021,2.2,0.25,25.5,0.3,2927,0.8311,0.943,310,0.511832032,0.870385409,1,1.7719804,0.889925417,0,0,3.96,19.75,0.14,0.0014,0.005728733,0.0057
3,17-05-2021,aphrodite,1,31,aphrodite31,1,12.1314277,34.2078038,0.8998912,0.958694741,51459.297,1,1,2.690088,0.007128733,414474.554,414.474554,3963.789,3.963789,17,5,2021,2.2,0.25,25.5,0.3,2927,0.8311,0.943,310,3.01000795,0.900655875,2,5.6527114,0.922947103,0,0,14.58,19.75,0.14,0.0014,0.005728733,0.0057
3,17-05-2021,archippus,1,31,archippus31,1,0.368198362,0.084942337,0.79771732,0.852060172,50483.847,1,1,2.690088,0.007128733,414474.554,414.474554,3963.789,3.963789,17,5,2021,2.2,0.25,25.5,0.3,2927,0.8311,0.943,310,0.028858615,0.798423959,3,0.2506348,0.819024233,0,0,0,19.75,0.14,0.0014,0.005728733,0.0057
3,17-05-2021,atalanta,1,31,atalanta31,1,1.877302744,1.277402071,0.83201519,0.891057526,51459.297,1,1,2.690088,0.007128733,414474.554,414.474554,3963.789,3.963789,17,5,2021,2.2,0.25,25.5,0.3,2927,0.8311,0.943,310,0.235224934,0.832782938,4,1.085133,0.855164692,0,0,2.14,19.75,0.14,0.0014,0.005728733,0.0057
3,17-05-2021,augustinus,1,31,augustinus31,1,26.30672079,65.50469905,0.955233301,1.035971365,28315.2099,1,1,2.690088,0.007128733,414474.554,414.474554,3963.789,3.963789,17,5,2021,2.2,0.25,25.5,0.3,2927,0.8311,0.943,310,32.49915602,0.956283166,5,24.7764006,0.986889331,0,0,30.88,19.75,0.14,0.0014,0.005728733,0.0057
3,17-05-2021,baptisiae,1,31,baptisiae31,1,7.530357969,12.70323543,0.811925043,0.90369658,30423.8369,1,1,2.690088,0.007128733,414474.554,414.474554,3963.789,3.963789,17,5,2021,2.2,0.25,25.5,0.3,2927,0.8311,0.943,310,1.536040598,0.81311838,6,3.5222637,0.847907111,0,0,9.02,19.75,0.14,0.0014,0.005728733,0.0057
3,17-05-2021,bellona,1,31,bellona31,1,14.79385121,46.31916539,0.90811655,0.969754799,50483.847,1,1,2.690088,0.007128733,414474.554,414.474554,3963.789,3.963789,17,5,2021,2.2,0.25,25.5,0.3,2927,0.8311,0.943,310,4.292855043,0.908918054,7,7.4488991,0.932283865,0,0,17.76,19.75,0.14,0.0014,0.005728733,0.0057
3,17-05-2021,bimacula,1,31,bimacula31,1,12.66581047,36.80834613,0.799383741,0.920021517,50483.847,1,1,2.690088,0.007128733,414474.554,414.474554,3963.789,3.963789,17,5,2021,2.2,0.25,25.5,0.3,2927,0.8311,0.943,310,3.200039204,0.800952436,8,5.9487693,0.846683773,0,0,15.23,19.75,0.14,0.0014,0.005728733,0.0057
3,17-05-2021,cocyta,1,31,cocyta31,1,36.64440215,72.2418243,0.996385336,1.081490152,51459.297,1,1,2.690088,0.007128733,414474.554,414.474554,3963.789,3.963789,17,5,2021,2.2,0.25,25.5,0.3,2927,0.8311,0.943,310,76.74757969,0.997491983,9,43.9790731,1.029753495,0,0,42.14,19.75,0.14,0.0014,0.005728733,0.0057
3,17-05-2021,comyntas,1,31,comyntas31,1,1.928124296,1.329129777,0.822819611,0.885419479,51459.297,1,1,2.690088,0.007128733,414474.554,414.474554,3963.789,3.963789,17,5,2021,2.2,0.25,25.5,0.3,2927,0.8311,0.943,310,0.243392466,0.823633619,10,1.1107845,0.847363961,0,0,2.2,19.75,0.14,0.0014,0.005728733,0.0057
3,17-05-2021,cybele,1,31,cybele31,1,4.462290443,4.442048635,0.859006663,0.918410288,51459.297,1,1,2.690088,0.007128733,414474.554,414.474554,3963.789,3.963789,17,5,2021,2.2,0.25,25.5,0.3,2927,0.8311,0.943,310,0.72799939,0.859779109,11,2.2201935,0.88229782,0,0,5.28,19.75,0.14,0.0014,0.005728733,0.0057
3,17-05-2021,cymela,1,31,cymela31,1,5.37123287,6.127282825,0.816768602,0.897714294,28343.40386,1,1,2.690088,0.007128733,414474.554,414.474554,3963.789,3.963789,17,5,2021,2.2,0.25,25.5,0.3,2927,0.8311,0.943,310,0.932187701,0.817821167,12,2.6016646,0.848506039,0,0,6.39,19.75,0.14,0.0014,0.005728733,0.0057
3,17-05-2021,dion,1,31,dion31,1,2.828264073,2.310322672,0.723551761,0.828872076,79469.493,1,1,2.690088,0.007128733,414474.554,414.474554,3963.789,3.963789,17,5,2021,2.2,0.25,25.5,0.3,2927,0.8311,0.943,310,0.40565411,0.724921278,13,1.5300794,0.764846076,0,0,3.29,19.75,0.14,0.0014,0.005728733,0.0057
3,17-05-2021,egeremet,1,31,egeremet31,1,16.77541035,52.31250068,0.836179375,0.961269456,51459.297,1,1,2.690088,0.007128733,414474.554,414.474554,3963.789,3.963789,17,5,2021,2.2,0.25,25.5,0.3,2927,0.8311,0.943,310,5.938885077,0.837805965,14,9.4103084,0.885225081,0,0,20.08,19.75,0.14,0.0014,0.005728733,0.0057
3,17-05-2021,eurytheme,1,31,eurytheme31,1,0.143352538,0.014157056,0.796318081,0.845067824,51459.297,1,1,2.690088,0.007128733,414474.554,414.474554,3963.789,3.963789,17,5,2021,2.2,0.25,25.5,0.3,2927,0.8311,0.943,310,0.006534026,0.79695199,15,0.1148815,0.815432031,0,0,0.15,19.75,0.14,0.0014,0.005728733,0.0057
3,17-05-2021,henrici,1,31,henrici31,1,41.21645064,75.74515121,1.011327218,1.113193693,28343.40386,1,1,2.690088,0.007128733,414474.554,414.474554,3963.789,3.963789,17,5,2021,2.2,0.25,25.5,0.3,2927,0.8311,0.943,310,85.12202293,1.012651823,16,50.7495835,1.05126734,0,0,46.99,19.75,0.14,0.0014,0.005728733,0.0057
3,17-05-2021,lineola,1,31,lineola31,1,21.51694424,60.71743605,0.902542132,1.011456232,50483.847,1,1,2.690088,0.007128733,414474.554,414.474554,3963.789,3.963789,17,5,2021,2.2,0.25,25.5,0.3,2927,0.8311,0.943,310,13.77209318,0.90395838,17,16.1166901,0.945245509,0,0,25.47,19.75,0.14,0.0014,0.005728733,0.0057
3,17-05-2021,lucia,1,31,lucia31,1,32.47772259,69.32873774,0.985529901,1.052821995,51459.297,1,1,2.690088,0.007128733,414474.554,414.474554,3963.789,3.963789,17,5,2021,2.2,0.25,25.5,0.3,2927,0.8311,0.943,310,63.29347578,0.986404923,18,4.0148682000000004,1.011913993,1,1,37.65,19.75,0.14,0.0014,0.005728733,0.0057
3,17-05-2021,lucilius,1,31,lucilius31,1,8.674908836,17.51064502,0.815285224,0.909756463,28343.40386,1,1,2.690088,0.007128733,414474.554,414.474554,3963.789,3.963789,17,5,2021,2.2,0.25,25.5,0.3,2927,0.8311,0.943,310,1.850762848,0.816513667,19,36.9549707,0.8523258,0,0,10.4,19.75,0.14,0.0014,0.005728733,0.0057
3,17-05-2021,lygdamus,1,31,lygdamus31,1,3.449435478,3.029610028,0.872175167,0.9229683,51459.297,1,1,2.690088,0.007128733,414474.554,414.474554,3963.789,3.963789,17,5,2021,2.2,0.25,25.5,0.3,2927,0.8311,0.943,310,0.521633071,0.872835648,20,1.8017925,0.892090296,0,0,4.05,19.75,0.14,0.0014,0.005728733,0.0057
3,17-05-2021,origenes,1,31,origenes31,1,6.716387887,9.761290252,0.815241379,0.902232604,51459.297,1,1,2.690088,0.007128733,414474.554,414.474554,3963.789,3.963789,17,5,2021,2.2,0.25,25.5,0.3,2927,0.8311,0.943,310,1.311705707,0.816372556,21,3.1752123,0.849349167,0,0,8.02,19.75,0.14,0.0014,0.005728733,0.0057
3,17-05-2021,pegala,1,31,pegala31,1,1.123713343,0.601674889,0.840624693,0.891611613,51459.297,1,1,2.690088,0.007128733,414474.554,414.474554,3963.789,3.963789,17,5,2021,2.2,0.25,25.5,0.3,2927,0.8311,0.943,310,0.116523463,0.841287694,22,0.6846124,0.860615802,0,0,1.26,19.75,0.14,0.0014,0.005728733,0.0057
3,17-05-2021,philodice,1,31,philodice31,1,1.691862534,1.117318436,0.851324933,0.902560571,51459.297,1,1,2.690088,0.007128733,414474.554,414.474554,3963.789,3.963789,17,5,2021,2.2,0.25,25.5,0.3,2927,0.8311,0.943,310,0.194387272,0.851991168,23,0.9906076,0.87141356,0,0,1.92,19.75,0.14,0.0014,0.005728733,0.0057
3,17-05-2021,plexippus,1,31,plexippus31,1,2.625046635,2.085987781,0.858530571,0.911624157,50483.847,1,1,2.690088,0.007128733,414474.554,414.474554,3963.789,3.963789,17,5,2021,2.2,0.25,25.5,0.3,2927,0.8311,0.943,310,0.364271946,0.859220965,24,1.4384425,0.879347668,0,0,3.04,19.75,0.14,0.0014,0.005728733,0.0057
3,17-05-2021,polios,1,31,polios31,1,58.99048041,89.66534897,1.049608295,1.141959374,50483.847,1,1,2.690088,0.007128733,414474.554,414.474554,3963.789,3.963789,17,5,2021,2.2,0.25,25.5,0.3,2927,0.8311,0.943,310,96.16942729,1.050809169,25,71.2526412,1.085817592,0,0,64.82,19.75,0.14,0.0014,0.005728733,0.0057
3,17-05-2021,progne,1,31,progne31,1,21.74440335,61.03106929,0.936760436,1.008889487,30423.8369,1,1,2.690088,0.007128733,414474.554,414.474554,3963.789,3.963789,17,5,2021,2.2,0.25,25.5,0.3,2927,0.8311,0.943,310,14.40262668,0.937698355,26,16.4952041,0.965041017,0,0,25.72,19.75,0.14,0.0014,0.005728733,0.0057
3,17-05-2021,rapae,1,31,rapae31,1,1.244337162,0.714931338,0.834462101,0.888378907,28315.2099,1,1,2.690088,0.007128733,414474.554,414.474554,3963.789,3.963789,17,5,2021,2.2,0.25,25.5,0.3,2927,0.8311,0.943,310,0.130136017,0.8351632,27,0.7507698,0.855601969,0,0,1.4,19.75,0.14,0.0014,0.005728733,0.0057
3,17-05-2021,sassacus,1,31,sassacus31,1,30.19566985,67.95060276,0.960777784,1.080497345,51459.297,1,1,2.690088,0.007128733,414474.554,414.474554,3963.789,3.963789,17,5,2021,2.2,0.25,25.5,0.3,2927,0.8311,0.943,310,52.99966241,0.962334519,28,32.6179117,1.007717787,0,0,35.17,19.75,0.14,0.0014,0.005728733,0.0057
3,17-05-2021,selene,1,31,selene31,1,12.94749528,38.19138162,0.882728174,0.954153413,50483.847,1,1,2.690088,0.007128733,414474.554,414.474554,3963.789,3.963789,17,5,2021,2.2,0.25,25.5,0.3,2927,0.8311,0.943,310,3.310573143,0.883656941,29,6.117395,0.910732803,0,0,15.56,19.75,0.14,0.0014,0.005728733,0.0057
3,17-05-2021,tharos,1,31,tharos31,1,1.45539446,0.903329086,0.826936219,0.884919797,51459.297,1,1,2.690088,0.007128733,414474.554,414.474554,3963.789,3.963789,17,5,2021,2.2,0.25,25.5,0.3,2927,0.8311,0.943,310,0.155727618,0.8276902,30,0.8638288,0.8496706,0,0,1.64,19.75,0.14,0.0014,0.005728733,0.0057
3,17-05-2021,themistocles,1,31,themistocles31,1,0.819127884,0.375706492,0.783919684,0.849356402,51459.297,1,1,2.690088,0.007128733,414474.554,414.474554,3963.789,3.963789,17,5,2021,2.2,0.25,25.5,0.3,2927,0.8311,0.943,310,0.080041818,0.78477058,31,0.5084218,0.809576315,0,0,0.9,19.75,0.14,0.0014,0.005728733,0.0057
3,17-05-2021,tullia,1,31,tullia31,1,1.345498871,0.806952204,0.827635318,0.884564921,50483.847,1,1,2.690088,0.007128733,414474.554,414.474554,3963.789,3.963789,17,5,2021,2.2,0.25,25.5,0.3,2927,0.8311,0.943,310,0.139937056,0.828375561,32,0.8035169,0.849956419,0,0,1.51,19.75,0.14,0.0014,0.005728733,0.0057
3,17-05-2021,vestris,1,31,vestris31,1,1.537300372,0.974114367,0.815727934,0.878106761,51459.297,1,1,2.690088,0.007128733,414474.554,414.474554,3963.789,3.963789,17,5,2021,2.2,0.25,25.5,0.3,2927,0.8311,0.943,310,0.171518181,0.816539067,33,0.9087017,0.840185617,0,0,1.74,19.75,0.14,0.0014,0.005728733,0.0057
3,20-08-2021,antiopa,96,32,antiopa32,1,21.73729607,60.03068369,0.960032287,1.056222794,51459.297,1.457569265,2,5.380176,0.006873256,414474.554,414.474554,3963.789,3.963789,20,8,2021,1.6,0.15,29.8,0.547,2689,0.8921,0.9405,310,78.65920455,0.987059828,1,27.7324953,1.063154043,0,0,23.44,15.81,0.11,0.0011,0.005773256,0.0057
3,20-08-2021,aphrodite,96,32,aphrodite32,1,33.60465787,77.35989685,1.002924953,1.11265903,51459.297,1.457569265,2,5.380176,0.006873256,414474.554,414.474554,3963.789,3.963789,20,8,2021,1.6,0.15,29.8,0.547,2689,0.8921,0.9405,310,91.46736949,1.033757999,2,60.8137768,1.120566245,0,0,36.03,15.81,0.11,0.0011,0.005773256,0.0057
3,20-08-2021,archippus,96,32,archippus32,1,10.37474059,46.73550549,0.892935192,0.994345119,50483.847,1.457569265,2,5.380176,0.006873256,414474.554,414.474554,3963.789,3.963789,20,8,2021,1.6,0.15,29.8,0.547,2689,0.8921,0.9405,310,48.88664736,0.921429282,3,13.1121699,1.001652467,0,0,0,15.81,0.11,0.0011,0.005773256,0.0057
3,20-08-2021,atalanta,96,32,atalanta32,1,17.70965441,55.62833563,0.935467352,1.045647046,51459.297,1.457569265,2,5.380176,0.006873256,414474.554,414.474554,3963.789,3.963789,20,8,2021,1.6,0.15,29.8,0.547,2689,0.8921,0.9405,310,72.02572696,0.966425564,4,22.3089746,1.053586322,0,0,19.51,15.81,0.11,0.0011,0.005773256,0.0057
3,20-08-2021,augustinus,96,32,augustinus32,1,85.93820257,98.91791024,1.09670005,1.247366436,28315.2099,1.457569265,2,5.380176,0.006873256,414474.554,414.474554,3963.789,3.963789,20,8,2021,1.6,0.15,29.8,0.547,2689,0.8921,0.9405,310,100,1.139034185,5,99.4371101,1.258223083,0,0,85.94,15.81,0.11,0.0011,0.005773256,0.0057
3,20-08-2021,baptisiae,96,32,baptisiae32,1,27.88954863,69.64980333,0.972724304,1.143980403,30423.8369,1.457569265,2,5.380176,0.006873256,414474.554,414.474554,3963.789,3.963789,20,8,2021,1.6,0.15,29.8,0.547,2689,0.8921,0.9405,310,86.58824933,1.020843722,6,43.0609176,1.156320693,0,0,30.01,15.81,0.11,0.0011,0.005773256,0.0057
3,20-08-2021,bellona,96,32,bellona32,1,38.82876002,82.03861575,1.016117192,1.131141157,50483.847,1.457569265,2,5.380176,0.006873256,414474.554,414.474554,3963.789,3.963789,20,8,2021,1.6,0.15,29.8,0.547,2689,0.8921,0.9405,310,94.46143668,1.048436545,7,71.8610816,1.139429499,0,0,41.35,15.81,0.11,0.0011,0.005773256,0.0057
3,20-08-2021,bimacula,96,32,bimacula32,1,34.43008878,78.23579655,1.010761536,1.23588531,50483.847,1.457569265,2,5.380176,0.006873256,414474.554,414.474554,3963.789,3.963789,20,8,2021,1.6,0.15,29.8,0.547,2689,0.8921,0.9405,310,92.01509778,1.074016655,8,62.9503217,1.252107171,0,0,36.88,15.81,0.11,0.0011,0.005773256,0.0057
3,20-08-2021,cocyta,96,32,cocyta32,1,99.46651438,100,1.145503374,1.304318616,51459.297,1.457569265,2,5.380176,0.006873256,414474.554,414.474554,3963.789,3.963789,20,8,2021,1.6,0.15,29.8,0.547,2689,0.8921,0.9405,310,100,1.190127169,9,99.9990765,1.315762448,0,0,99.43,15.81,0.11,0.0011,0.005773256,0.0057
3,20-08-2021,comyntas,96,32,comyntas32,1,17.90943679,55.81766053,0.932505171,1.049323626,51459.297,1.457569265,2,5.380176,0.006873256,414474.554,414.474554,3963.789,3.963789,20,8,2021,1.6,0.15,29.8,0.547,2689,0.8921,0.9405,310,72.37714075,0.965328738,10,22.5215635,1.057741274,1,1,19.71,15.81,0.11,0.0011,0.005773256,0.0057
3,20-08-2021,cybele,96,32,cybele32,1,23.58300427,62.72312321,0.963091866,1.073945769,51459.297,1.457569265,2,5.380176,0.006873256,414474.554,414.474554,3963.789,3.963789,20,8,2021,1.6,0.15,29.8,0.547,2689,0.8921,0.9405,310,81.42170739,0.994239517,11,31.4005327,1.081933626,0,0,25.38,15.81,0.11,0.0011,0.005773256,0.0057
3,20-08-2021,cymela,96,32,cymela32,1,24.96865452,65.01406336,0.95859915,1.109652991,28343.40386,1.457569265,2,5.380176,0.006873256,414474.554,414.474554,3963.789,3.963789,20,8,2021,1.6,0.15,29.8,0.547,2689,0.8921,0.9405,310,83.24602219,1.001042151,12,34.6939377,1.120537556,0,0,26.87,15.81,0.11,0.0011,0.005773256,0.0057
3,20-08-2021,dion,96,32,dion32,1,20.59956333,58.5857212,0.908090772,1.104630425,79469.493,1.457569265,2,5.380176,0.006873256,414474.554,414.474554,3963.789,3.963789,20,8,2021,1.6,0.15,29.8,0.547,2689,0.8921,0.9405,310,76.75300166,0.963314345,13,25.823813,1.118792585,0,0,22.29,15.81,0.11,0.0011,0.005773256,0.0057
3,20-08-2021,egeremet,96,32,egeremet32,1,45.44589843,85.62762838,1.055358363,1.288790643,51459.297,1.457569265,2,5.380176,0.006873256,414474.554,414.474554,3963.789,3.963789,20,8,2021,1.6,0.15,29.8,0.547,2689,0.8921,0.9405,310,97.13662838,1.120948,14,81.0869064,1.305611195,0,0,47.57,15.81,0.11,0.0011,0.005773256,0.0057
3,20-08-2021,eurytheme,96,32,eurytheme32,1,8.41910705,41.89466354,0.88173588,0.972708431,51459.297,1.457569265,2,5.380176,0.006873256,414474.554,414.474554,3963.789,3.963789,20,8,2021,1.6,0.15,29.8,0.547,2689,0.8921,0.9405,310,38.31223766,0.907297283,15,10.0197386,0.979263687,0,0,9.87,15.81,0.11,0.0011,0.005773256,0.0057
3,20-08-2021,henrici,96,32,henrici32,1,99.92087969,100,1.189814518,1.379908916,28343.40386,1.457569265,2,5.380176,0.006873256,414474.554,414.474554,3963.789,3.963789,20,8,2021,1.6,0.15,29.8,0.547,2689,0.8921,0.9405,310,100,1.243227108,16,100,1.393606647,0,0,99.92,15.81,0.11,0.0011,0.005773256,0.0057
3,20-08-2021,lineola,96,32,lineola32,1,67.57364386,93.21912182,1.093378064,1.296624129,50483.847,1.457569265,2,5.380176,0.006873256,414474.554,414.474554,3963.789,3.963789,20,8,2021,1.6,0.15,29.8,0.547,2689,0.8921,0.9405,310,99.76247031,1.150485999,17,95.5310868,1.311269537,0,0,68.08,15.81,0.11,0.0011,0.005773256,0.0057
3,20-08-2021,lucia,96,32,lucia32,1,97.68032657,99.99891193,1.103437036,1.229011716,51459.297,1.457569265,2,5.380176,0.006873256,414474.554,414.474554,3963.789,3.963789,20,8,2021,1.6,0.15,29.8,0.547,2689,0.8921,0.9405,310,100,1.138720921,18,47.4716841,1.238060317,0,0,97.52,15.81,0.11,0.0011,0.005773256,0.0057
3,20-08-2021,lucilius,96,32,lucilius32,1,29.24136738,71.68014972,0.980814818,1.157108865,28343.40386,1.457569265,2,5.380176,0.006873256,414474.554,414.474554,3963.789,3.963789,20,8,2021,1.6,0.15,29.8,0.547,2689,0.8921,0.9405,310,87.91581254,1.030349795,19,99.9783681,1.169812177,0,0,31.46,15.81,0.11,0.0011,0.005773256,0.0057
3,20-08-2021,lygdamus,96,32,lygdamus32,1,21.86624488,60.20803978,0.961173331,1.055959079,51459.297,1.457569265,2,5.380176,0.006873256,414474.554,414.474554,3963.789,3.963789,20,8,2021,1.6,0.15,29.8,0.547,2689,0.8921,0.9405,310,78.83491144,0.987806163,20,27.9626312,1.062789105,0,0,23.57,15.81,0.11,0.0011,0.005773256,0.0057
3,20-08-2021,origenes,96,32,origenes32,1,26.83457514,67.99321042,0.967664724,1.130000218,51459.297,1.457569265,2,5.380176,0.006873256,414474.554,414.474554,3963.789,3.963789,20,8,2021,1.6,0.15,29.8,0.547,2689,0.8921,0.9405,310,85.48465819,1.013277637,21,39.8568106,1.141697712,0,0,28.89,15.81,0.11,0.0011,0.005773256,0.0057
3,20-08-2021,pegala,96,32,pegala32,1,14.42500865,52.44299851,0.929962404,1.025109781,51459.297,1.457569265,2,5.380176,0.006873256,414474.554,414.474554,3963.789,3.963789,20,8,2021,1.6,0.15,29.8,0.547,2689,0.8921,0.9405,310,65.16393887,0.956696847,22,18.8133882,1.031965865,0,0,16.29,15.81,0.11,0.0011,0.005773256,0.0057
3,20-08-2021,philodice,96,32,philodice32,1,16.96644232,54.9662425,0.941098441,1.036709954,51459.297,1.457569265,2,5.380176,0.006873256,414474.554,414.474554,3963.789,3.963789,20,8,2021,1.6,0.15,29.8,0.547,2689,0.8921,0.9405,310,70.72907515,0.967963296,23,21.5333892,1.043599483,1,1,18.77,15.81,0.11,0.0011,0.005773256,0.0057
3,20-08-2021,plexippus,96,32,plexippus32,1,20.11695106,57.99979327,0.951559518,1.050638172,50483.847,1.457569265,2,5.380176,0.006873256,414474.554,414.474554,3963.789,3.963789,20,8,2021,1.6,0.15,29.8,0.547,2689,0.8921,0.9405,310,75.94930531,0.979398568,24,25.1212574,1.057777534,0,0,21.83,15.81,0.11,0.0011,0.005773256,0.0057
3,20-08-2021,polios,96,32,polios32,1,100,100,1.211423012,1.383760601,50483.847,1.457569265,2,5.380176,0.006873256,414474.554,414.474554,3963.789,3.963789,20,8,2021,1.6,0.15,29.8,0.547,2689,0.8921,0.9405,310,100,1.259846306,25,100,1.396178821,0,0,100,15.81,0.11,0.0011,0.005773256,0.0057
3,20-08-2021,progne,96,32,progne32,1,68.55882862,93.59233125,1.063142737,1.197743728,30423.8369,1.457569265,2,5.380176,0.006873256,414474.554,414.474554,3963.789,3.963789,20,8,2021,1.6,0.15,29.8,0.547,2689,0.8921,0.9405,310,99.79826245,1.100962828,26,95.8991835,1.207442741,0,0,69.03,15.81,0.11,0.0011,0.005773256,0.0057
3,20-08-2021,rapae,96,32,rapae32,1,14.99517208,53.02838241,0.928933468,1.029548344,28315.2099,1.457569265,2,5.380176,0.006873256,414474.554,414.474554,3963.789,3.963789,20,8,2021,1.6,0.15,29.8,0.547,2689,0.8921,0.9405,310,66.60375926,0.957204165,27,19.4495564,1.036798402,0,0,16.85,15.81,0.11,0.0011,0.005773256,0.0057
3,20-08-2021,sassacus,96,32,sassacus32,1,95.1126996,99.96572566,1.170546712,1.393956992,51459.297,1.457569265,2,5.380176,0.006873256,414474.554,414.474554,3963.789,3.963789,20,8,2021,1.6,0.15,29.8,0.547,2689,0.8921,0.9405,310,100,1.233320338,28,99.9284622,1.410055337,0,0,94.88,15.81,0.11,0.0011,0.005773256,0.0057
3,20-08-2021,selene,96,32,selene32,1,34.89014671,78.71074092,1.007877278,1.141164876,50483.847,1.457569265,2,5.380176,0.006873256,414474.554,414.474554,3963.789,3.963789,20,8,2021,1.6,0.15,29.8,0.547,2689,0.8921,0.9405,310,92.2764889,1.045328333,29,64.0697434,1.15076925,0,0,37.36,15.81,0.11,0.0011,0.005773256,0.0057
3,20-08-2021,tharos,96,32,tharos32,1,15.96551277,53.94943719,0.928533258,1.036737191,51459.297,1.457569265,2,5.380176,0.006873256,414474.554,414.474554,3963.789,3.963789,20,8,2021,1.6,0.15,29.8,0.547,2689,0.8921,0.9405,310,68.74478031,0.958936323,30,20.4757373,1.044534098,2,1,17.78,15.81,0.11,0.0011,0.005773256,0.0057
3,20-08-2021,themistocles,96,32,themistocles32,1,12.8811538,50.67705415,0.898575887,1.020688226,51459.297,1.457569265,2,5.380176,0.006873256,414474.554,414.474554,3963.789,3.963789,20,8,2021,1.6,0.15,29.8,0.547,2689,0.8921,0.9405,310,60.44317183,0.932886926,31,16.9042796,1.029487339,0,0,14.75,15.81,0.11,0.0011,0.005773256,0.0057
3,20-08-2021,tullia,96,32,tullia32,1,15.4719476,53.47014052,0.927385616,1.033622713,50483.847,1.457569265,2,5.380176,0.006873256,414474.554,414.474554,3963.789,3.963789,20,8,2021,1.6,0.15,29.8,0.547,2689,0.8921,0.9405,310,67.6758967,0.957236015,32,19.9569991,1.041277871,6,1,17.31,15.81,0.11,0.0011,0.005773256,0.0057
3,20-08-2021,vestris,96,32,vestris32,1,16.32198651,54.32591085,0.925026194,1.041432162,51459.297,1.457569265,2,5.380176,0.006873256,414474.554,414.474554,3963.789,3.963789,20,8,2021,1.6,0.15,29.8,0.547,2689,0.8921,0.9405,310,69.48611156,0.957733861,33,20.8550229,1.049820088,0,0,18.13,15.81,0.11,0.0011,0.005773256,0.0057
4,17-05-2021,antiopa,1,41,antiopa41,1,4.265389647,7.191703981,0.873279366,0.927139056,49257.178,3.040408362,5,5.80254,0.01435548,386662.92,386.66292,652,0.652,17,5,2021,6.5,0.3,27.2,0.3,2263,0.8204,0.9492,410,1.425268518,0.866107641,1,2.1943957,0.905212153,0,0,3.99,1.79,0.03,3e-4,0.01405548,0.0141
4,17-05-2021,aphrodite,1,41,aphrodite41,1,12.51450065,22.96526091,0.903957267,0.965400373,49257.178,3.040408362,5,5.80254,0.01435548,386662.92,386.66292,652,0.652,17,5,2021,6.5,0.3,27.2,0.3,2263,0.8204,0.9492,410,8.543806764,0.895775801,2,7.7639938,0.940386204,0,0,11.94,1.79,0.03,3e-4,0.01405548,0.0141
4,17-05-2021,archippus,1,41,archippus41,1,0.58311777,0.557035129,0.801474945,0.858257132,48400.588,3.040408362,5,5.80254,0.01435548,386662.92,386.66292,652,0.652,17,5,2021,6.5,0.3,27.2,0.3,2263,0.8204,0.9492,410,0.004877716,0.793914073,3,0.1971627,0.835140447,0,0,0,1.79,0.03,3e-4,0.01405548,0.0141
4,17-05-2021,atalanta,1,41,atalanta41,1,2.581495304,3.520735169,0.836097769,0.897790388,49257.178,3.040408362,5,5.80254,0.01435548,386662.92,386.66292,652,0.652,17,5,2021,6.5,0.3,27.2,0.3,2263,0.8204,0.9492,410,0.754094842,0.827883045,4,1.2420463,0.872674609,0,0,2.42,1.79,0.03,3e-4,0.01405548,0.0141
4,17-05-2021,augustinus,1,41,augustinus41,1,33.99452242,72.59601783,0.960816067,1.04517829,27716.0389,3.040408362,5,5.80254,0.01435548,386662.92,386.66292,652,0.652,17,5,2021,6.5,0.3,27.2,0.3,2263,0.8204,0.9492,410,55.52889071,0.949582756,5,29.1238936,1.010833452,0,0,33.11,1.79,0.03,3e-4,0.01405548,0.0141
4,17-05-2021,baptisiae,1,41,baptisiae41,1,8.448870175,15.31114948,0.818270736,0.914161701,29191.8669,3.040408362,5,5.80254,0.01435548,386662.92,386.66292,652,0.652,17,5,2021,6.5,0.3,27.2,0.3,2263,0.8204,0.9492,410,3.774376384,0.805502307,6,4.6920858,0.875123379,0,0,8.01,1.79,0.03,3e-4,0.01405548,0.0141
4,17-05-2021,bellona,1,41,bellona41,1,15.52955911,29.99795136,0.912378628,0.976783686,48400.588,3.040408362,5,5.80254,0.01435548,386662.92,386.66292,652,0.652,17,5,2021,6.5,0.3,27.2,0.3,2263,0.8204,0.9492,410,13.67321256,0.903802727,7,10.342773,0.950563642,0,0,14.89,1.79,0.03,3e-4,0.01405548,0.0141
4,17-05-2021,bimacula,1,41,bimacula41,1,13.03600294,24.109573,0.807725437,0.933778384,48400.588,3.040408362,5,5.80254,0.01435548,386662.92,386.66292,652,0.652,17,5,2021,6.5,0.3,27.2,0.3,2263,0.8204,0.9492,410,9.358385281,0.790940769,8,8.1998118,0.882460771,0,0,12.45,1.79,0.03,3e-4,0.01405548,0.0141
4,17-05-2021,cocyta,1,41,cocyta41,1,45.50575166,92.07176095,1.002270048,1.091195037,49257.178,3.040408362,5,5.80254,0.01435548,386662.92,386.66292,652,0.652,17,5,2021,6.5,0.3,27.2,0.3,2263,0.8204,0.9492,410,80.78862907,0.990429178,9,42.4087157,1.054992645,0,0,44.72,1.79,0.03,3e-4,0.01405548,0.0141
4,17-05-2021,comyntas,1,41,comyntas41,1,2.641095078,3.658286751,0.827148181,0.892558023,49257.178,3.040408362,5,5.80254,0.01435548,386662.92,386.66292,652,0.652,17,5,2021,6.5,0.3,27.2,0.3,2263,0.8204,0.9492,410,0.771654619,0.818438488,10,1.276262,0.865928919,0,0,2.47,1.79,0.03,3e-4,0.01405548,0.0141
4,17-05-2021,cybele,1,41,cybele41,1,5.401543445,9.443257534,0.863114224,0.92518435,49257.178,3.040408362,5,5.80254,0.01435548,386662.92,386.66292,652,0.652,17,5,2021,6.5,0.3,27.2,0.3,2263,0.8204,0.9492,410,1.907186826,0.854849232,11,2.8311686,0.899914884,0,0,5.08,1.79,0.03,3e-4,0.01405548,0.0141
4,17-05-2021,cymela,1,41,cymela41,1,6.336861888,11.26947428,0.822365725,0.906944895,27716.5739,3.040408362,5,5.80254,0.01435548,386662.92,386.66292,652,0.652,17,5,2021,6.5,0.3,27.2,0.3,2263,0.8204,0.9492,410,2.377398617,0.811103526,12,3.3688136,0.872511736,0,0,5.98,1.79,0.03,3e-4,0.01405548,0.0141
4,17-05-2021,dion,1,41,dion41,1,3.659501313,5.879598466,0.730834307,0.840882224,77360.471,3.040408362,5,5.80254,0.01435548,386662.92,386.66292,652,0.652,17,5,2021,6.5,0.3,27.2,0.3,2263,0.8204,0.9492,410,1.201869141,0.716180799,13,1.8516073,0.796080444,0,0,3.42,1.79,0.03,3e-4,0.01405548,0.0141
4,17-05-2021,egeremet,1,41,egeremet41,1,18.54750447,37.81400295,0.844828934,0.97553404,49257.178,3.040408362,5,5.80254,0.01435548,386662.92,386.66292,652,0.652,17,5,2021,6.5,0.3,27.2,0.3,2263,0.8204,0.9492,410,19.53427571,0.827424804,14,13.0694328,0.922322479,0,0,17.84,1.79,0.03,3e-4,0.01405548,0.0141
4,17-05-2021,eurytheme,1,41,eurytheme41,1,0.234572686,0.141453754,0.799688961,0.850626977,49257.178,3.040408362,5,5.80254,0.01435548,386662.92,386.66292,652,0.652,17,5,2021,6.5,0.3,27.2,0.3,2263,0.8204,0.9492,410,0,0.792906274,15,0.0610859,0.829889521,0,0,0.23,1.79,0.03,3e-4,0.01405548,0.0141
4,17-05-2021,henrici,1,41,henrici41,1,49.04422563,94.69597198,1.018370942,1.124809985,27716.5739,3.040408362,5,5.80254,0.01435548,386662.92,386.66292,652,0.652,17,5,2021,6.5,0.3,27.2,0.3,2263,0.8204,0.9492,410,86.82528998,1.004197977,16,46.4823748,1.081477419,0,0,48.3,1.79,0.03,3e-4,0.01405548,0.0141
4,17-05-2021,lineola,1,41,lineola41,1,26.67126633,56.88392012,0.910073176,1.023876196,48400.588,3.040408362,5,5.80254,0.01435548,386662.92,386.66292,652,0.652,17,5,2021,6.5,0.3,27.2,0.3,2263,0.8204,0.9492,410,37.95935887,0.894919654,17,21.0778899,0.97754567,0,0,25.82,1.79,0.03,3e-4,0.01405548,0.0141
4,17-05-2021,lucia,1,41,lucia41,1,41.6126001,86.94625733,0.990182923,1.060495615,49257.178,3.040408362,5,5.80254,0.01435548,386662.92,386.66292,652,0.652,17,5,2021,6.5,0.3,27.2,0.3,2263,0.8204,0.9492,410,72.85258568,0.980820387,18,5.3957867,1.031870504,0,0,40.78,1.79,0.03,3e-4,0.01405548,0.0141
4,17-05-2021,lucilius,1,41,lucilius41,1,9.482206247,17.13248851,0.821817593,0.920529442,27716.5739,3.040408362,5,5.80254,0.01435548,386662.92,386.66292,652,0.652,17,5,2021,6.5,0.3,27.2,0.3,2263,0.8204,0.9492,410,4.696264645,0.808673547,19,37.8183032,0.880342706,0,0,9,1.79,0.03,3e-4,0.01405548,0.0141
4,17-05-2021,lygdamus,1,41,lygdamus41,1,4.34070504,7.376081633,0.875687342,0.92876047,49257.178,3.040408362,5,5.80254,0.01435548,386662.92,386.66292,652,0.652,17,5,2021,6.5,0.3,27.2,0.3,2263,0.8204,0.9492,410,1.446730467,0.868620352,20,2.235188,0.907153785,0,0,4.06,1.79,0.03,3e-4,0.01405548,0.0141
4,17-05-2021,origenes,1,41,origenes41,1,7.673304409,13.85076141,0.821256529,0.912152604,49257.178,3.040408362,5,5.80254,0.01435548,386662.92,386.66292,652,0.652,17,5,2021,6.5,0.3,27.2,0.3,2263,0.8204,0.9492,410,3.171490727,0.809153199,21,4.1902451,0.87514776,0,0,7.26,1.79,0.03,3e-4,0.01405548,0.0141
4,17-05-2021,pegala,1,41,pegala41,1,1.65412008,1.751099925,0.844150267,0.897425881,49257.178,3.040408362,5,5.80254,0.01435548,386662.92,386.66292,652,0.652,17,5,2021,6.5,0.3,27.2,0.3,2263,0.8204,0.9492,410,0.317051518,0.837056316,22,0.7270353,0.875736762,0,0,1.56,1.79,0.03,3e-4,0.01405548,0.0141
4,17-05-2021,philodice,1,41,philodice41,1,2.365303058,3.071985328,0.854867705,0.908403201,49257.178,3.040408362,5,5.80254,0.01435548,386662.92,386.66292,652,0.652,17,5,2021,6.5,0.3,27.2,0.3,2263,0.8204,0.9492,410,0.646785098,0.847739148,23,1.1167826,0.886608281,0,0,2.22,1.79,0.03,3e-4,0.01405548,0.0141
4,17-05-2021,plexippus,1,41,plexippus41,1,3.43756945,5.425970909,0.862201814,0.917678658,48400.588,3.040408362,5,5.80254,0.01435548,386662.92,386.66292,652,0.652,17,5,2021,6.5,0.3,27.2,0.3,2263,0.8204,0.9492,410,1.115045802,0.854814756,24,1.7278639,0.895093392,0,0,3.21,1.79,0.03,3e-4,0.01405548,0.0141
4,17-05-2021,polios,1,41,polios41,1,58.78739655,97.2157999,1.055994062,1.152490583,48400.588,3.040408362,5,5.80254,0.01435548,386662.92,386.66292,652,0.652,17,5,2021,6.5,0.3,27.2,0.3,2263,0.8204,0.9492,410,96.09782747,1.043145,25,57.2513998,1.113205733,0,0,58.17,1.79,0.03,3e-4,0.01405548,0.0141
4,17-05-2021,progne,1,41,progne41,1,27.0502348,57.69069429,0.941747918,1.017114687,29191.8669,3.040408362,5,5.80254,0.01435548,386662.92,386.66292,652,0.652,17,5,2021,6.5,0.3,27.2,0.3,2263,0.8204,0.9492,410,38.88905148,0.931712403,26,21.4738209,0.986432003,0,0,26.19,1.79,0.03,3e-4,0.01405548,0.0141
4,17-05-2021,rapae,1,41,rapae41,1,1.809841359,2.013521028,0.838190267,0.894527283,27716.0389,3.040408362,5,5.80254,0.01435548,386662.92,386.66292,652,0.652,17,5,2021,6.5,0.3,27.2,0.3,2263,0.8204,0.9492,410,0.384363995,0.830688672,27,0.8107722,0.871591832,0,0,1.71,1.79,0.03,3e-4,0.01405548,0.0141
4,17-05-2021,sassacus,1,41,sassacus41,1,39.06757528,82.44412577,0.969055989,1.094149504,49257.178,3.040408362,5,5.80254,0.01435548,386662.92,386.66292,652,0.652,17,5,2021,6.5,0.3,27.2,0.3,2263,0.8204,0.9492,410,67.14858497,0.952399052,28,34.8665855,1.043222472,0,0,38.21,1.79,0.03,3e-4,0.01405548,0.0141
4,17-05-2021,selene,1,41,selene41,1,13.32035314,24.71831192,0.887666989,0.962298354,48400.588,3.040408362,5,5.80254,0.01435548,386662.92,386.66292,652,0.652,17,5,2021,6.5,0.3,27.2,0.3,2263,0.8204,0.9492,410,9.83445033,0.877729397,29,8.4437114,0.931915062,0,0,12.72,1.79,0.03,3e-4,0.01405548,0.0141
4,17-05-2021,tharos,1,41,tharos41,1,2.076255255,2.486659448,0.830945589,0.891531925,49257.178,3.040408362,5,5.80254,0.01435548,386662.92,386.66292,652,0.652,17,5,2021,6.5,0.3,27.2,0.3,2263,0.8204,0.9492,410,0.508257973,0.822878173,30,0.955595,0.866866526,0,0,1.95,1.79,0.03,3e-4,0.01405548,0.0141
4,17-05-2021,themistocles,1,41,themistocles41,1,1.238459056,1.187235994,0.788444413,0.856818445,49257.178,3.040408362,5,5.80254,0.01435548,386662.92,386.66292,652,0.652,17,5,2021,6.5,0.3,27.2,0.3,2263,0.8204,0.9492,410,0.125845064,0.779340021,31,0.5051034,0.828982585,0,0,1.18,1.79,0.03,3e-4,0.01405548,0.0141
4,17-05-2021,tullia,1,41,tullia41,1,1.938931499,2.251553552,0.831571808,0.89105686,48400.588,3.040408362,5,5.80254,0.01435548,386662.92,386.66292,652,0.652,17,5,2021,6.5,0.3,27.2,0.3,2263,0.8204,0.9492,410,0.438018867,0.823651003,32,0.8802113,0.866839774,0,0,1.82,1.79,0.03,3e-4,0.01405548,0.0141
4,17-05-2021,vestris,1,41,vestris41,1,2.179055898,2.682743618,0.82004122,0.885220099,49257.178,3.040408362,5,5.80254,0.01435548,386662.92,386.66292,652,0.652,17,5,2021,6.5,0.3,27.2,0.3,2263,0.8204,0.9492,410,0.558986216,0.81136228,33,1.0130595,0.858685023,0,0,2.04,1.79,0.03,3e-4,0.01405548,0.0141
4,28-07-2021,antiopa,73,42,antiopa42,1,1.654367819,0.645518989,0.852826715,0.916735812,49257.178,1,1,1.160508,0.01488735,386662.92,386.66292,652,0.652,28,7,2021,1.8,0.15,22.5,0.596,1887,0.837,0.9529,410,1.710799171,0.853821664,1,0.8465362,0.924606228,0,0,0.53,3.49,0.05,5e-4,0.01438735,0.0143
4,28-07-2021,aphrodite,73,42,aphrodite42,1,6.369064414,13.18759653,0.880624894,0.953532357,49257.178,1,1,1.160508,0.01488735,386662.92,386.66292,652,0.652,28,7,2021,1.8,0.15,22.5,0.596,1887,0.837,0.9529,410,20.02013878,0.881759966,2,6.3052918,0.962510957,0,0,4.43,3.49,0.05,5e-4,0.01438735,0.0143
4,28-07-2021,archippus,73,42,archippus42,1,0.028940115,0,0.779912507,0.847289394,48400.588,1,1,1.160508,0.01488735,386662.92,386.66292,652,0.652,28,7,2021,1.8,0.15,22.5,0.596,1887,0.837,0.9529,410,0.006978784,0.780961444,3,0.025472,0.855586869,0,0,0,3.49,0.05,5e-4,0.01438735,0.0143
4,28-07-2021,atalanta,73,42,atalanta42,1,1.000799347,0.054453289,0.812670646,0.885874178,49257.178,1,1,1.160508,0.01488735,386662.92,386.66292,652,0.652,28,7,2021,1.8,0.15,22.5,0.596,1887,0.837,0.9529,410,0.522411868,0.813810294,4,0.3673829,0.894889205,0,0,0.21,3.49,0.05,5e-4,0.01438735,0.0143
4,28-07-2021,augustinus,73,42,augustinus42,1,28.28078881,79.05033464,0.9287804,1.028883342,27716.0389,1,1,1.160508,0.01488735,386662.92,386.66292,652,0.652,28,7,2021,1.8,0.15,22.5,0.596,1887,0.837,0.9529,410,81.01970011,0.930338823,5,29.1989262,1.041211036,0,0,26.11,3.49,0.05,5e-4,0.01438735,0.0143
4,28-07-2021,baptisiae,73,42,baptisiae42,1,3.780296209,5.994812087,0.781857151,0.895639924,29191.8669,1,1,1.160508,0.01488735,386662.92,386.66292,652,0.652,28,7,2021,1.8,0.15,22.5,0.596,1887,0.837,0.9529,410,8.009650662,0.783628544,6,2.9482216,0.909652292,0,0,2.04,3.49,0.05,5e-4,0.01438735,0.0143
4,28-07-2021,bellona,73,42,bellona42,1,8.672253113,21.5347907,0.887921485,0.964343556,48400.588,1,1,1.160508,0.01488735,386662.92,386.66292,652,0.652,28,7,2021,1.8,0.15,22.5,0.596,1887,0.837,0.9529,410,31.59794226,0.889111239,7,9.3018984,0.973754947,0,0,6.68,3.49,0.05,5e-4,0.01438735,0.0143
4,28-07-2021,bimacula,73,42,bimacula42,1,6.738383381,14.48853511,0.759858157,0.909430684,48400.588,1,1,1.160508,0.01488735,386662.92,386.66292,652,0.652,28,7,2021,1.8,0.15,22.5,0.596,1887,0.837,0.9529,410,21.91438028,0.762186732,8,6.7972569,0.927850565,0,0,4.79,3.49,0.05,5e-4,0.01438735,0.0143
4,28-07-2021,cocyta,73,42,cocyta42,1,36.6198013,86.02728605,0.968501719,1.07401877,49257.178,1,1,1.160508,0.01488735,386662.92,386.66292,652,0.652,28,7,2021,1.8,0.15,22.5,0.596,1887,0.837,0.9529,410,87.67446961,0.970144429,9,37.4058478,1.087013213,0,0,34.5,3.49,0.05,5e-4,0.01438735,0.0143
4,28-07-2021,comyntas,73,42,comyntas42,1,1.022045667,0.060393648,0.802309482,0.879923814,49257.178,1,1,1.160508,0.01488735,386662.92,386.66292,652,0.652,28,7,2021,1.8,0.15,22.5,0.596,1887,0.837,0.9529,410,0.547336098,0.803517798,10,0.3818109,0.889482032,0,0,0.22,3.49,0.05,5e-4,0.01438735,0.0143
4,28-07-2021,cybele,73,42,cybele42,1,2.169077613,1.760326324,0.839543746,0.913195223,49257.178,1,1,1.160508,0.01488735,386662.92,386.66292,652,0.652,28,7,2021,1.8,0.15,22.5,0.596,1887,0.837,0.9529,410,2.86528952,0.840690367,11,1.2671696,0.922265415,0,0,0.84,3.49,0.05,5e-4,0.01438735,0.0143
4,28-07-2021,cymela,73,42,cymela42,1,2.630183378,3.055324542,0.790247675,0.890608043,27716.5739,1,1,1.160508,0.01488735,386662.92,386.66292,652,0.652,28,7,2021,1.8,0.15,22.5,0.596,1887,0.837,0.9529,410,4.117482852,0.791810105,12,1.6916751,0.902967439,0,0,1.15,3.49,0.05,5e-4,0.01438735,0.0143
4,28-07-2021,dion,73,42,dion42,1,1.400792478,0.282167043,0.689044768,0.819625968,77360.471,1,1,1.160508,0.01488735,386662.92,386.66292,652,0.652,28,7,2021,1.8,0.15,22.5,0.596,1887,0.837,0.9529,410,1.199353964,0.691077683,13,0.655151,0.835707065,0,0,0.4,3.49,0.05,5e-4,0.01438735,0.0143
4,28-07-2021,egeremet,73,42,egeremet42,1,11.39429063,32.17100313,0.795195045,0.950287754,49257.178,1,1,1.160508,0.01488735,386662.92,386.66292,652,0.652,28,7,2021,1.8,0.15,22.5,0.596,1887,0.837,0.9529,410,43.68619397,0.797609559,14,12.635702,0.969387447,0,0,9.37,3.49,0.05,5e-4,0.01438735,0.0143
4,28-07-2021,eurytheme,73,42,eurytheme42,1,0.004208859,0,0.780345786,0.840788067,49257.178,1,1,1.160508,0.01488735,386662.92,386.66292,652,0.652,28,7,2021,1.8,0.15,22.5,0.596,1887,0.837,0.9529,410,0,0.781286764,15,0.00458,0.848231544,0,0,0,3.49,0.05,5e-4,0.01438735,0.0143
4,28-07-2021,henrici,73,42,henrici42,1,39.03903666,87.45792246,0.977951835,1.104250799,27716.5739,1,1,1.160508,0.01488735,386662.92,386.66292,652,0.652,28,7,2021,1.8,0.15,22.5,0.596,1887,0.837,0.9529,410,89.31049609,0.979918083,16,39.8593096,1.119804538,0,0,36.97,3.49,0.05,5e-4,0.01438735,0.0143
4,28-07-2021,lineola,73,42,lineola42,1,20.65647427,64.42022098,0.866857676,1.001894624,48400.588,1,1,1.160508,0.01488735,386662.92,386.66292,652,0.652,28,7,2021,1.8,0.15,22.5,0.596,1887,0.837,0.9529,410,69.92044186,0.868959958,17,22.1590538,1.018524448,0,0,18.51,3.49,0.05,5e-4,0.01438735,0.0143
4,28-07-2021,lucia,73,42,lucia42,1,33.95928047,84.14815255,0.963482418,1.046914398,49257.178,1,1,1.160508,0.01488735,386662.92,386.66292,652,0.652,28,7,2021,1.8,0.15,22.5,0.596,1887,0.837,0.9529,410,85.74334025,0.964781304,18,3.6958833,1.057189061,0,0,31.81,3.49,0.05,5e-4,0.01438735,0.0143
4,28-07-2021,lucilius,73,42,lucilius42,1,4.407079503,7.466040949,0.784332807,0.901462799,27716.5739,1,1,1.160508,0.01488735,386662.92,386.66292,652,0.652,28,7,2021,1.8,0.15,22.5,0.596,1887,0.837,0.9529,410,10.40736162,0.78615631,19,34.75228,0.915887378,0,0,2.58,3.49,0.05,5e-4,0.01438735,0.0143
4,28-07-2021,lygdamus,73,42,lygdamus42,1,1.684671605,0.699972278,0.85553338,0.918509153,49257.178,1,1,1.160508,0.01488735,386662.92,386.66292,652,0.652,28,7,2021,1.8,0.15,22.5,0.596,1887,0.837,0.9529,410,1.768623385,0.856513799,20,0.8705267,0.926264631,0,0,0.55,3.49,0.05,5e-4,0.01438735,0.0143
4,28-07-2021,origenes,73,42,origenes42,1,3.333517401,4.935448101,0.786739701,0.894595613,49257.178,1,1,1.160508,0.01488735,386662.92,386.66292,652,0.652,28,7,2021,1.8,0.15,22.5,0.596,1887,0.837,0.9529,410,6.41449992,0.788418824,21,2.4402965,0.907878087,0,0,1.68,3.49,0.05,5e-4,0.01438735,0.0143
4,28-07-2021,pegala,73,42,pegala42,1,0.624628358,0.008910538,0.823919413,0.887135454,49257.178,1,1,1.160508,0.01488735,386662.92,386.66292,652,0.652,28,7,2021,1.8,0.15,22.5,0.596,1887,0.837,0.9529,410,0.13957569,0.824903574,22,0.1673274,0.89492052,1,1,0.09,3.49,0.05,5e-4,0.01438735,0.0143
4,28-07-2021,philodice,73,42,philodice42,1,0.9249052,0.033662033,0.834538163,0.898062576,49257.178,1,1,1.160508,0.01488735,386662.92,386.66292,652,0.652,28,7,2021,1.8,0.15,22.5,0.596,1887,0.837,0.9529,410,0.397790716,0.835527124,23,0.3143849,0.905885619,0,0,0.17,3.49,0.05,5e-4,0.01438735,0.0143
4,28-07-2021,plexippus,73,42,plexippus42,1,1.311968716,0.201972199,0.841135066,0.906963052,48400.588,1,1,1.160508,0.01488735,386662.92,386.66292,652,0.652,28,7,2021,1.8,0.15,22.5,0.596,1887,0.837,0.9529,410,1.049808582,0.84215989,24,0.5927084,0.91506978,1,1,0.35,3.49,0.05,5e-4,0.01438735,0.0143
4,28-07-2021,polios,73,42,polios42,1,46.80005495,90.77858303,1.019350523,1.133851841,48400.588,1,1,1.160508,0.01488735,386662.92,386.66292,652,0.652,28,7,2021,1.8,0.15,22.5,0.596,1887,0.837,0.9529,410,93.06109427,1.021133103,25,47.818279,1.147952697,0,0,44.95,3.49,0.05,5e-4,0.01438735,0.0143
4,28-07-2021,progne,73,42,progne42,1,21.11118257,65.55284939,0.91312818,1.002557252,29191.8669,1,1,1.160508,0.01488735,386662.92,386.66292,652,0.652,28,7,2021,1.8,0.15,22.5,0.596,1887,0.837,0.9529,410,70.76487478,0.91452043,26,22.5760002,1.013570457,0,0,18.96,3.49,0.05,5e-4,0.01438735,0.0143
4,28-07-2021,rapae,73,42,rapae42,1,0.704478832,0.011880718,0.816796878,0.883645532,27716.0389,1,1,1.160508,0.01488735,386662.92,386.66292,652,0.652,28,7,2021,1.8,0.15,22.5,0.596,1887,0.837,0.9529,410,0.181448397,0.817837592,27,0.1967389,0.891877955,0,0,0.11,3.49,0.05,5e-4,0.01438735,0.0143
4,28-07-2021,sassacus,73,42,sassacus42,1,32.17731688,82.83731337,0.921553043,1.069987122,49257.178,1,1,1.160508,0.01488735,386662.92,386.66292,652,0.652,28,7,2021,1.8,0.15,22.5,0.596,1887,0.837,0.9529,410,84.39543787,0.923863871,28,33.0063106,1.088266783,0,0,30.01,3.49,0.05,5e-4,0.01438735,0.0143
4,28-07-2021,selene,73,42,selene42,1,6.947462664,15.21127876,0.859326513,0.947882966,48400.588,1,1,1.160508,0.01488735,386662.92,386.66292,652,0.652,28,7,2021,1.8,0.15,22.5,0.596,1887,0.837,0.9529,410,23.03696762,0.860705178,29,7.0702435,0.958788708,0,0,4.99,3.49,0.05,5e-4,0.01438735,0.0143
4,28-07-2021,tharos,73,42,tharos42,1,0.819431191,0.019801196,0.807938565,0.879829398,49257.178,1,1,1.160508,0.01488735,386662.92,386.66292,652,0.652,28,7,2021,1.8,0.15,22.5,0.596,1887,0.837,0.9529,410,0.273169565,0.809057776,30,0.2499052,0.888682766,0,0,0.14,3.49,0.05,5e-4,0.01438735,0.0143
4,28-07-2021,themistocles,73,42,themistocles42,1,0.338560624,0.00198012,0.762480093,0.84361169,49257.178,1,1,1.160508,0.01488735,386662.92,386.66292,652,0.652,28,7,2021,1.8,0.15,22.5,0.596,1887,0.837,0.9529,410,0.052839368,0.763743166,31,0.100255,0.853603059,0,0,0.06,3.49,0.05,5e-4,0.01438735,0.0143
4,28-07-2021,tullia,73,42,tullia42,1,0.76306615,0.015840957,0.808982986,0.879567051,48400.588,1,1,1.160508,0.01488735,386662.92,386.66292,652,0.652,28,7,2021,1.8,0.15,22.5,0.596,1887,0.837,0.9529,410,0.222324135,0.810081821,32,0.2217564,0.88825946,0,0,0.12,3.49,0.05,5e-4,0.01438735,0.0143
4,28-07-2021,vestris,73,42,vestris42,1,0.858556745,0.026731615,0.795290226,0.872630502,49257.178,1,1,1.160508,0.01488735,386662.92,386.66292,652,0.652,28,7,2021,1.8,0.15,22.5,0.596,1887,0.837,0.9529,410,0.32202105600000003,0.796494275,33,0.2721953,0.88215497,0,0,0.15,3.49,0.05,5e-4,0.01438735,0.0143
5,19-05-2021,antiopa,3,51,antiopa51,1,8.841707162,11.86917831,0.897237878,0.947616304,48051.744,1.542491357,2,1.55743,0.02315898,379670.658,379.670658,3027.791,3.027791,19,5,2021,1,0.05,25.1,0.421,2753,0.7752,0.9561,510,12.68121544,0.898810607,1,8.1326957,0.950630763,1,1,8.03,3.37,0.08,8e-4,0.02235898,0.0224
5,19-05-2021,aphrodite,3,51,aphrodite51,1,19.62062285,39.97270105,0.931289125,0.988760806,48051.744,1.542491357,2,1.55743,0.02315898,379670.658,379.670658,3027.791,3.027791,19,5,2021,1,0.05,25.1,0.421,2753,0.7752,0.9561,510,48.06641323,0.933083329,2,20.3370876,0.992199739,0,0,18.51,3.37,0.08,8e-4,0.02235898,0.0224
5,19-05-2021,archippus,3,51,archippus51,1,2.051825424,0.919206838,0.826733478,0.879845502,47359.214,1.542491357,2,1.55743,0.02315898,379670.658,379.670658,3027.791,3.027791,19,5,2021,1,0.05,25.1,0.421,2753,0.7752,0.9561,510,0.659013719,0.828391545,3,1.0284959,0.88302353,0,0,0,3.37,0.08,8e-4,0.02235898,0.0224
5,19-05-2021,atalanta,3,51,atalanta51,1,6.172326807,6.9335067949999996,0.863540619,0.921245686,48051.744,1.542491357,2,1.55743,0.02315898,379670.658,379.670658,3027.791,3.027791,19,5,2021,1,0.05,25.1,0.421,2753,0.7752,0.9561,510,6.436580593,0.865342074,4,5.3270558,0.924698544,0,0,5.51,3.37,0.08,8e-4,0.02235898,0.0224
5,19-05-2021,augustinus,3,51,augustinus51,1,43.14252382,87.88928996,0.998343081,1.077252484,25105.976,1.542491357,2,1.55743,0.02315898,379670.658,379.670658,3027.791,3.027791,19,5,2021,1,0.05,25.1,0.421,2753,0.7752,0.9561,510,87.24627172,1.000806499,5,43.766004,1.081974131,0,0,41.95,3.37,0.08,8e-4,0.02235898,0.0224
5,19-05-2021,baptisiae,3,51,baptisiae51,1,14.21210031,24.32272478,0.860926103,0.950619079,29533.202,1.542491357,2,1.55743,0.02315898,379670.658,379.670658,3027.791,3.027791,19,5,2021,1,0.05,25.1,0.421,2753,0.7752,0.9561,510,29.9515337,0.863726167,6,14.2563317,0.955985975,0,0,13.21,3.37,0.08,8e-4,0.02235898,0.0224
5,19-05-2021,bellona,3,51,bellona51,1,23.71340037,51.82481752,0.941028057,1.001270243,47359.214,1.542491357,2,1.55743,0.02315898,379670.658,379.670658,3027.791,3.027791,19,5,2021,1,0.05,25.1,0.421,2753,0.7752,0.9561,510,59.90946559,0.942908716,7,24.5065397,1.004874913,0,0,22.56,3.37,0.08,8e-4,0.02235898,0.0224
5,19-05-2021,bimacula,3,51,bimacula51,1,20.33430171,42.08890287,0.863797819,0.981703232,47359.214,1.542491357,2,1.55743,0.02315898,379670.658,379.670658,3027.791,3.027791,19,5,2021,1,0.05,25.1,0.421,2753,0.7752,0.9561,510,50.28125383,0.867478627,8,21.0988544,0.988758257,0,0,19.21,3.37,0.08,8e-4,0.02235898,0.0224
5,19-05-2021,cocyta,3,51,cocyta51,1,56.01386837,92.80416736,1.041826727,1.125003978,48051.744,1.542491357,2,1.55743,0.02315898,379670.658,379.670658,3027.791,3.027791,19,5,2021,1,0.05,25.1,0.421,2753,0.7752,0.9561,510,91.8487041,1.04442338,9,57.9832291,1.129980997,0,0,55.02,3.37,0.08,8e-4,0.02235898,0.0224
5,19-05-2021,comyntas,3,51,comyntas51,1,6.282172332,7.115322069,0.85624457,0.917426594,48051.744,1.542491357,2,1.55743,0.02315898,379670.658,379.670658,3027.791,3.027791,19,5,2021,1,0.05,25.1,0.421,2753,0.7752,0.9561,510,6.670114581,0.85815457,10,5.4390739,0.921087501,0,0,5.61,3.37,0.08,8e-4,0.02235898,0.0224
5,19-05-2021,cybele,3,51,cybele51,1,10.38253831,15.05121219,0.890725001,0.948783175,48051.744,1.542491357,2,1.55743,0.02315898,379670.658,379.670658,3027.791,3.027791,19,5,2021,1,0.05,25.1,0.421,2753,0.7752,0.9561,510,17.14448716,0.892537479,11,9.8280403,0.952257162,0,0,9.5,3.37,0.08,8e-4,0.02235898,0.0224
5,19-05-2021,cymela,3,51,cymela51,1,11.57879111,17.6893998,0.859989244,0.939101571,25109.662,1.542491357,2,1.55743,0.02315898,379670.658,379.670658,3027.791,3.027791,19,5,2021,1,0.05,25.1,0.421,2753,0.7752,0.9561,510,20.94341333,0.862458997,12,11.1919461,0.943835361,0,0,10.65,3.37,0.08,8e-4,0.02235898,0.0224
5,19-05-2021,dion,3,51,dion51,1,7.954366965,10.15552937,0.77978714,0.882722021,72453.936,1.542491357,2,1.55743,0.02315898,379670.658,379.670658,3027.791,3.027791,19,5,2021,1,0.05,25.1,0.421,2753,0.7752,0.9561,510,10.35547285,0.783000593,13,7.1829223,0.888881264,0,0,7.19,3.37,0.08,8e-4,0.02235898,0.0224
5,19-05-2021,egeremet,3,51,egeremet51,1,27.54423057,62.4922022,0.902970745,1.025227622,48051.744,1.542491357,2,1.55743,0.02315898,379670.658,379.670658,3027.791,3.027791,19,5,2021,1,0.05,25.1,0.421,2753,0.7752,0.9561,510,69.1772459,0.906787398,14,28.1441034,1.032543022,0,0,26.35,3.37,0.08,8e-4,0.02235898,0.0224
5,19-05-2021,eurytheme,3,51,eurytheme51,1,1.055460919,0.227668979,0.822347819,0.869993415,48051.744,1.542491357,2,1.55743,0.02315898,379670.658,379.670658,3027.791,3.027791,19,5,2021,1,0.05,25.1,0.421,2753,0.7752,0.9561,510,0.164220247,0.823835234,15,0.3080602,0.872844351,0,0,0.97,3.37,0.08,8e-4,0.02235898,0.0224
5,19-05-2021,henrici,3,51,henrici51,1,60.51493611,93.93398133,1.065718432,1.165277702,25109.662,1.542491357,2,1.55743,0.02315898,379670.658,379.670658,3027.791,3.027791,19,5,2021,1,0.05,25.1,0.421,2753,0.7752,0.9561,510,93.02543814,1.068826504,16,63.2623632,1.171234961,0,0,59.61,3.37,0.08,8e-4,0.02235898,0.0224
5,19-05-2021,lineola,3,51,lineola51,1,36.17677697,81.5806732,0.960696398,1.067143669,47359.214,1.542491357,2,1.55743,0.02315898,379670.658,379.670658,3027.791,3.027791,19,5,2021,1,0.05,25.1,0.421,2753,0.7752,0.9561,510,82.62997659,0.964019502,17,36.4357929,1.073513081,0,0,34.94,3.37,0.08,8e-4,0.02235898,0.0224
5,19-05-2021,lucia,3,51,lucia51,1,51.26282852,91.38910068,1.021460257,1.087228231,48051.744,1.542491357,2,1.55743,0.02315898,379670.658,379.670658,3027.791,3.027791,19,5,2021,1,0.05,25.1,0.421,2753,0.7752,0.9561,510,90.45016609,1.023513422,18,15.7773704,1.091163544,0,0,50.18,3.37,0.08,8e-4,0.02235898,0.0224
5,19-05-2021,lucilius,3,51,lucilius51,1,15.52699292,27.95476479,0.86572778,0.95805931,25109.662,1.542491357,2,1.55743,0.02315898,379670.658,379.670658,3027.791,3.027791,19,5,2021,1,0.05,25.1,0.421,2753,0.7752,0.9561,510,34.55929791,0.868610214,19,52.609707,0.963584088,0,0,14.49,3.37,0.08,8e-4,0.02235898,0.0224
5,19-05-2021,lygdamus,3,51,lygdamus51,1,8.946926846,12.07178771,0.899295966,0.94893867,48051.744,1.542491357,2,1.55743,0.02315898,379670.658,379.670658,3027.791,3.027791,19,5,2021,1,0.05,25.1,0.421,2753,0.7752,0.9561,510,12.95793722,0.900845727,20,8.2451816,0.951909106,0,0,8.13,3.37,0.08,8e-4,0.02235898,0.0224
5,19-05-2021,origenes,3,51,origenes51,1,13.23854275,21.7879746,0.86169001,0.946710944,48051.744,1.542491357,2,1.55743,0.02315898,379670.658,379.670658,3027.791,3.027791,19,5,2021,1,0.05,25.1,0.421,2753,0.7752,0.9561,510,26.57542135,0.86434422,21,13.1306515,0.951798283,0,0,12.26,3.37,0.08,8e-4,0.02235898,0.0224
5,19-05-2021,pegala,3,51,pegala51,1,4.379548462,3.950883217,0.867848964,0.917681065,48051.744,1.542491357,2,1.55743,0.02315898,379670.658,379.670658,3027.791,3.027791,19,5,2021,1,0.05,25.1,0.421,2753,0.7752,0.9561,510,3.321727725,0.869404638,22,3.4417502,0.920662834,0,0,3.87,3.37,0.08,8e-4,0.02235898,0.0224
5,19-05-2021,philodice,3,51,philodice51,1,5.765710213,6.244101667,0.878682006,0.928757192,48051.744,1.542491357,2,1.55743,0.02315898,379670.658,379.670658,3027.791,3.027791,19,5,2021,1,0.05,25.1,0.421,2753,0.7752,0.9561,510,5.616545723,0.880245268,23,4.904046,0.931753507,0,0,5.13,3.37,0.08,8e-4,0.02235898,0.0224
5,19-05-2021,plexippus,3,51,plexippus51,1,7.609476757,9.46772379,0.886879688,0.938770741,47359.214,1.542491357,2,1.55743,0.02315898,379670.658,379.670658,3027.791,3.027791,19,5,2021,1,0.05,25.1,0.421,2753,0.7752,0.9561,510,9.539170261,0.888499639,24,6.8233749,0.94187571,0,0,6.86,3.37,0.08,8e-4,0.02235898,0.0224
5,19-05-2021,polios,3,51,polios51,1,74.61839673,96.99071729,1.0989188,1.189178191,47359.214,1.542491357,2,1.55743,0.02315898,379670.658,379.670658,3027.791,3.027791,19,5,2021,1,0.05,25.1,0.421,2753,0.7752,0.9561,510,95.87743198,1.101736546,25,79.8444429,1.19457898,0,0,74.03,3.37,0.08,8e-4,0.02235898,0.0224
5,19-05-2021,progne,3,51,progne51,1,36.53651145,82.10959036,0.975273466,1.045768844,29533.202,1.542491357,2,1.55743,0.02315898,379670.658,379.670658,3027.791,3.027791,19,5,2021,1,0.05,25.1,0.421,2753,0.7752,0.9561,510,82.96748119,0.977474213,26,36.8047167,1.049987027,0,0,35.3,3.37,0.08,8e-4,0.02235898,0.0224
5,19-05-2021,rapae,3,51,rapae51,1,4.69026982,4.447276237,0.863250773,0.915946401,25105.976,1.542491357,2,1.55743,0.02315898,379670.658,379.670658,3027.791,3.027791,19,5,2021,1,0.05,25.1,0.421,2753,0.7752,0.9561,510,3.80692391,0.864895842,27,3.776474,0.919099513,0,0,4.15,3.37,0.08,8e-4,0.02235898,0.0224
5,19-05-2021,sassacus,3,51,sassacus51,1,48.37897548,90.33979728,1.024701585,1.14170958,48051.744,1.542491357,2,1.55743,0.02315898,379670.658,379.670658,3027.791,3.027791,19,5,2021,1,0.05,25.1,0.421,2753,0.7752,0.9561,510,89.44138457,1.028354352,28,49.4379915,1.148710874,0,0,47.25,3.37,0.08,8e-4,0.02235898,0.0224
5,19-05-2021,selene,3,51,selene51,1,20.7274358,43.23364596,0.920865407,0.990672913,47359.214,1.542491357,2,1.55743,0.02315898,379670.658,379.670658,3027.791,3.027791,19,5,2021,1,0.05,25.1,0.421,2753,0.7752,0.9561,510,51.51770433,0.923044679,29,21.50755,0.994849937,0,0,19.6,3.37,0.08,8e-4,0.02235898,0.0224
5,19-05-2021,tharos,3,51,tharos51,1,5.211212248,5.307832986,0.857896328,0.914566618,48051.744,1.542491357,2,1.55743,0.02315898,379670.658,379.670658,3027.791,3.027791,19,5,2021,1,0.05,25.1,0.421,2753,0.7752,0.9561,510,4.682409772,0.859665479,30,4.3293711,0.917957559,0,0,4.62,3.37,0.08,8e-4,0.02235898,0.0224
5,19-05-2021,themistocles,3,51,themistocles51,1,3.51754124,2.631256232,0.818859369,0.882813991,48051.744,1.542491357,2,1.55743,0.02315898,379670.658,379.670658,3027.791,3.027791,19,5,2021,1,0.05,25.1,0.421,2753,0.7752,0.9561,510,2.12419956,0.820855924,31,2.5104489,0.886640799,1,1,3.11,3.37,0.08,8e-4,0.02235898,0.0224
5,19-05-2021,tullia,3,51,tullia51,1,4.944535131,4.846096837,0.858032661,0.913672848,47359.214,1.542491357,2,1.55743,0.02315898,379670.658,379.670658,3027.791,3.027791,19,5,2021,1,0.05,25.1,0.421,2753,0.7752,0.9561,510,4.22813818,0.859769624,32,4.0455939,0.917002126,0,0,4.38,3.37,0.08,8e-4,0.02235898,0.0224
5,19-05-2021,vestris,3,51,vestris51,1,5.410154583,5.648003498,0.849034869,0.91000086,48051.744,1.542491357,2,1.55743,0.02315898,379670.658,379.670658,3027.791,3.027791,19,5,2021,1,0.05,25.1,0.421,2753,0.7752,0.9561,510,5.001252979,0.850938125,33,4.536983,0.913648839,0,0,4.81,3.37,0.08,8e-4,0.02235898,0.0224
5,23-07-2021,antiopa,68,52,antiopa52,1,5.714345213,15.25482648,0.866217035,0.938378668,48051.744,3.486006173,6,4.67229,0.02329885,379670.658,379.670658,3027.791,3.027791,23,7,2021,4,0.15,23.1,0.595,3039,0.7968,0.9598,510,11.10138623,0.860515756,1,3.4264698,0.937062854,1,1,5,3.41,0.08,8e-4,0.02249885,0.0223
5,23-07-2021,aphrodite,68,52,aphrodite52,1,13.38860471,36.41193531,0.895900564,0.978222515,48051.744,3.486006173,6,4.67229,0.02329885,379670.658,379.670658,3027.791,3.027791,23,7,2021,4,0.15,23.1,0.595,3039,0.7968,0.9598,510,39.56028406,0.889396584,2,12.5434433,0.976721475,2,1,12.34,3.41,0.08,8e-4,0.02249885,0.0223
5,23-07-2021,archippus,68,52,archippus52,1,1.021865259,2.923642854,0.794029403,0.870106619,47359.214,3.486006173,6,4.67229,0.02329885,379670.658,379.670658,3027.791,3.027791,23,7,2021,4,0.15,23.1,0.595,3039,0.7968,0.9598,510,0.967479888,0.788018766,3,0.2936768,0.868719408,0,0,0,3.41,0.08,8e-4,0.02249885,0.0223
5,23-07-2021,atalanta,68,52,atalanta52,1,3.937768148,10.7295358,0.828008349,0.9106646,48051.744,3.486006173,6,4.67229,0.02329885,379670.658,379.670658,3027.791,3.027791,23,7,2021,4,0.15,23.1,0.595,3039,0.7968,0.9598,510,6.053824585,0.821477922,4,1.908432,0.909157426,0,0,3.37,3.41,0.08,8e-4,0.02249885,0.0223
5,23-07-2021,augustinus,68,52,augustinus52,1,33.64905368,78.27061467,0.949754104,1.062783266,25105.976,3.486006173,6,4.67229,0.02329885,379670.658,379.670658,3027.791,3.027791,23,7,2021,4,0.15,23.1,0.595,3039,0.7968,0.9598,510,79.51730825,0.940824002,5,32.3876046,1.060722265,0,0,32.29,3.41,0.08,8e-4,0.02249885,0.0223
5,23-07-2021,baptisiae,68,52,baptisiae52,1,9.39770859,25.19106149,0.805697071,0.934172533,29533.202,3.486006173,6,4.67229,0.02329885,379670.658,379.670658,3027.791,3.027791,23,7,2021,4,0.15,23.1,0.595,3039,0.7968,0.9598,510,24.91653783,0.795546602,6,7.6305076,0.931829879,0,0,8.49,3.41,0.08,8e-4,0.02249885,0.0223
5,23-07-2021,bellona,68,52,bellona52,1,16.63179826,44.96806562,0.90393354,0.990223938,47359.214,3.486006173,6,4.67229,0.02329885,379670.658,379.670658,3027.791,3.027791,23,7,2021,4,0.15,23.1,0.595,3039,0.7968,0.9598,510,49.30478761,0.897115989,7,16.178829,0.988650498,0,0,15.49,3.41,0.08,8e-4,0.02249885,0.0223
5,23-07-2021,bimacula,68,52,bimacula52,1,13.94423391,38.00787594,0.791196794,0.960083514,47359.214,3.486006173,6,4.67229,0.02329885,379670.658,379.670658,3027.791,3.027791,23,7,2021,4,0.15,23.1,0.595,3039,0.7968,0.9598,510,41.40929221,0.777853551,8,13.1936565,0.957003992,0,0,12.88,3.41,0.08,8e-4,0.02249885,0.0223
5,23-07-2021,cocyta,68,52,cocyta52,1,41.50209947,86.3047956,0.990609794,1.109752187,48051.744,3.486006173,6,4.67229,0.02329885,379670.658,379.670658,3027.791,3.027791,23,7,2021,4,0.15,23.1,0.595,3039,0.7968,0.9598,510,85.85728886,0.981196703,9,39.8150882,1.107579715,0,0,40.17,3.41,0.08,8e-4,0.02249885,0.0223
5,23-07-2021,comyntas,68,52,comyntas52,1,4.012370793,10.91268503,0.818571341,0.906207957,48051.744,3.486006173,6,4.67229,0.02329885,379670.658,379.670658,3027.791,3.027791,23,7,2021,4,0.15,23.1,0.595,3039,0.7968,0.9598,510,6.241450696,0.81164743,10,1.964455,0.904609969,0,0,3.44,3.41,0.08,8e-4,0.02249885,0.0223
5,23-07-2021,cybele,68,52,cybele52,1,6.742996225,17.92475835,0.854975303,0.938137342,48051.744,3.486006173,6,4.67229,0.02329885,379670.658,379.670658,3027.791,3.027791,23,7,2021,4,0.15,23.1,0.595,3039,0.7968,0.9598,510,14.65999319,0.848404915,11,4.4909187,0.936620945,4,1,5.96,3.41,0.08,8e-4,0.02249885,0.0223
5,23-07-2021,cymela,68,52,cymela52,1,7.55025698,20.10231453,0.811275314,0.924595145,25109.662,3.486006173,6,4.67229,0.02329885,379670.658,379.670658,3027.791,3.027791,23,7,2021,4,0.15,23.1,0.595,3039,0.7968,0.9598,510,17.69555305,0.802322248,12,5.4034704,0.922528843,0,0,6.72,3.41,0.08,8e-4,0.02249885,0.0223
5,23-07-2021,dion,68,52,dion52,1,5.125457695,13.79689632,0.716404317,0.863847374,72453.936,3.486006173,6,4.67229,0.02329885,379670.658,379.670658,3027.791,3.027791,23,7,2021,4,0.15,23.1,0.595,3039,0.7968,0.9598,510,9.222504651,0.704755275,13,2.8744163,0.86115886,0,0,4.45,3.41,0.08,8e-4,0.02249885,0.0223
5,23-07-2021,egeremet,68,52,egeremet52,1,19.82789787,52.69302009,0.827690278,1.002809998,48051.744,3.486006173,6,4.67229,0.02329885,379670.658,379.670658,3027.791,3.027791,23,7,2021,4,0.15,23.1,0.595,3039,0.7968,0.9598,510,57.35646341,0.813854584,14,19.4836835,0.999616821,0,0,18.61,3.41,0.08,8e-4,0.02249885,0.0223
5,23-07-2021,eurytheme,68,52,eurytheme52,1,0.413321407,1.092150525,0.793009734,0.861256883,48051.744,3.486006173,6,4.67229,0.02329885,379670.658,379.670658,3027.791,3.027791,23,7,2021,4,0.15,23.1,0.595,3039,0.7968,0.9598,510,0.329655931,0.787617728,15,0.0938425,0.860012448,0,0,0.36,3.41,0.08,8e-4,0.02249885,0.0223
5,23-07-2021,henrici,68,52,henrici52,1,44.01212699,87.88984067,1.004414164,1.147022023,25109.662,3.486006173,6,4.67229,0.02329885,379670.658,379.670658,3027.791,3.027791,23,7,2021,4,0.15,23.1,0.595,3039,0.7968,0.9598,510,87.21259925,0.993147137,16,42.2043538,1.144421676,0,0,42.71,3.41,0.08,8e-4,0.02249885,0.0223
5,23-07-2021,lineola,68,52,lineola52,1,27.74407758,69.01042342,0.895150799,1.047624972,47359.214,3.486006173,6,4.67229,0.02329885,379670.658,379.670658,3027.791,3.027791,23,7,2021,4,0.15,23.1,0.595,3039,0.7968,0.9598,510,72.11079374,0.883104263,17,26.9448216,1.04484472,0,0,26.41,3.41,0.08,8e-4,0.02249885,0.0223
5,23-07-2021,lucia,68,52,lucia52,1,38.86422959,84.15629426,0.980963199,1.075168691,48051.744,3.486006173,6,4.67229,0.02329885,379670.658,379.670658,3027.791,3.027791,23,7,2021,4,0.15,23.1,0.595,3039,0.7968,0.9598,510,84.15135872,0.9735203,18,8.8065151,1.073450925,0,0,37.52,3.41,0.08,8e-4,0.02249885,0.0223
5,23-07-2021,lucilius,68,52,lucilius52,1,10.33669218,27.8386834,0.808874041,0.941128945,25109.662,3.486006173,6,4.67229,0.02329885,379670.658,379.670658,3027.791,3.027791,23,7,2021,4,0.15,23.1,0.595,3039,0.7968,0.9598,510,28.61822279,0.798424969,19,37.2902804,0.938717376,0,0,9.39,3.41,0.08,8e-4,0.02249885,0.0223
5,23-07-2021,lygdamus,68,52,lygdamus52,1,5.783889018,15.42863665,0.868728149,0.939835939,48051.744,3.486006173,6,4.67229,0.02329885,379670.658,379.670658,3027.791,3.027791,23,7,2021,4,0.15,23.1,0.595,3039,0.7968,0.9598,510,11.31731349,0.863110131,20,3.4943781,0.938539341,0,0,5.06,3.41,0.08,8e-4,0.02249885,0.0223
5,23-07-2021,origenes,68,52,origenes52,1,8.709411829,23.303016,0.809337817,0.931121086,48051.744,3.486006173,6,4.67229,0.02329885,379670.658,379.670658,3027.791,3.027791,23,7,2021,4,0.15,23.1,0.595,3039,0.7968,0.9598,510,22.19700742,0.799716079,21,6.7866668,0.92890046,0,0,7.83,3.41,0.08,8e-4,0.02249885,0.0223
5,23-07-2021,pegala,68,52,pegala52,1,2.69801725,7.565152875,0.837164523,0.908543605,48051.744,3.486006173,6,4.67229,0.02329885,379670.658,379.670658,3027.791,3.027791,23,7,2021,4,0.15,23.1,0.595,3039,0.7968,0.9598,510,3.434920469,0.831525072,22,1.0959701,0.907242061,4,1,2.29,3.41,0.08,8e-4,0.02249885,0.0223
5,23-07-2021,philodice,68,52,philodice52,1,3.663199127,10.04207763,0.847847884,0.919575159,48051.744,3.486006173,6,4.67229,0.02329885,379670.658,379.670658,3027.791,3.027791,23,7,2021,4,0.15,23.1,0.595,3039,0.7968,0.9598,510,5.396609104,0.842180923,23,1.7117569,0.918267266,3,1,3.13,3.41,0.08,8e-4,0.02249885,0.0223
5,23-07-2021,plexippus,68,52,plexippus52,1,4.897403586,13.17896222,0.854927435,0.929255742,47359.214,3.486006173,6,4.67229,0.02329885,379670.658,379.670658,3027.791,3.027791,23,7,2021,4,0.15,23.1,0.595,3039,0.7968,0.9598,510,8.548518121,0.849054974,24,2.6753439,0.927900421,1,1,4.24,3.41,0.08,8e-4,0.02249885,0.0223
5,23-07-2021,polios,68,52,polios52,1,52.39875845,91.36708191,1.043340994,1.172627784,47359.214,3.486006173,6,4.67229,0.02329885,379670.658,379.670658,3027.791,3.027791,23,7,2021,4,0.15,23.1,0.595,3039,0.7968,0.9598,510,90.7046461,1.033126425,25,50.0723526,1.170270336,0,0,51.19,3.41,0.08,8e-4,0.02249885,0.0223
5,23-07-2021,progne,68,52,progne52,1,28.08062246,69.60500988,0.93186548,1.032842464,29533.202,3.486006173,6,4.67229,0.02329885,379670.658,379.670658,3027.791,3.027791,23,7,2021,4,0.15,23.1,0.595,3039,0.7968,0.9598,510,72.62493121,0.923887585,26,27.2519175,1.031001224,0,0,26.74,3.41,0.08,8e-4,0.02249885,0.0223
5,23-07-2021,rapae,68,52,rapae52,1,2.920118588,8.142617737,0.830803098,0.906283871,25105.976,3.486006173,6,4.67229,0.02329885,379670.658,379.670658,3027.791,3.027791,23,7,2021,4,0.15,23.1,0.595,3039,0.7968,0.9598,510,3.821702786,0.824839584,27,1.2272257,0.904907535,0,0,2.48,3.41,0.08,8e-4,0.02249885,0.0223
5,23-07-2021,sassacus,68,52,sassacus52,1,37.1749429,82.46488775,0.952653151,1.120254417,48051.744,3.486006173,6,4.67229,0.02329885,379670.658,379.670658,3027.791,3.027791,23,7,2021,4,0.15,23.1,0.595,3039,0.7968,0.9598,510,82.81177118,0.939411442,28,35.6867502,1.117198304,0,0,35.83,3.41,0.08,8e-4,0.02249885,0.0223
5,23-07-2021,selene,68,52,selene52,1,14.24990769,38.80532741,0.877880981,0.977872665,47359.214,3.486006173,6,4.67229,0.02329885,379670.658,379.670658,3027.791,3.027791,23,7,2021,4,0.15,23.1,0.595,3039,0.7968,0.9598,510,42.38253715,0.869980932,29,13.5462516,0.976049391,0,0,13.17,3.41,0.08,8e-4,0.02249885,0.0223
5,23-07-2021,tharos,68,52,tharos52,1,3.281510704,9.088975246,0.823001229,0.904175274,48051.744,3.486006173,6,4.67229,0.02329885,379670.658,379.670658,3027.791,3.027791,23,7,2021,4,0.15,23.1,0.595,3039,0.7968,0.9598,510,4.554912083,0.816587907,30,1.4561636,0.902695126,1,1,2.8,3.41,0.08,8e-4,0.02249885,0.0223
5,23-07-2021,themistocles,68,52,themistocles52,1,2.075495561,5.914734434,0.779478895,0.871086956,48051.744,3.486006173,6,4.67229,0.02329885,379670.658,379.670658,3027.791,3.027791,23,7,2021,4,0.15,23.1,0.595,3039,0.7968,0.9598,510,2.370482954,0.772241211,31,0.7584602,0.869416552,0,0,1.76,3.41,0.08,8e-4,0.02249885,0.0223
5,23-07-2021,tullia,68,52,tullia52,1,3.097513194,8.610608128,0.823771854,0.903470389,47359.214,3.486006173,6,4.67229,0.02329885,379670.658,379.670658,3027.791,3.027791,23,7,2021,4,0.15,23.1,0.595,3039,0.7968,0.9598,510,4.181756243,0.817475077,32,1.3368948,0.902017119,0,0,2.64,3.41,0.08,8e-4,0.02249885,0.0223
5,23-07-2021,vestris,68,52,vestris52,1,3.42050689,9.434001422,0.811494665,0.898821835,48051.744,3.486006173,6,4.67229,0.02329885,379670.658,379.670658,3027.791,3.027791,23,7,2021,4,0.15,23.1,0.595,3039,0.7968,0.9598,510,4.843688583,0.804595202,33,1.5459834,0.89722949,5,1,2.92,3.41,0.08,8e-4,0.02249885,0.0223
6,02-08-2021,antiopa,78,62,antiopa62,1,0.269656213,0.608775792,0.80887906,0.829100742,62784.391,2.156892807,4,1.24838,0.0257668,500830.358,500.830358,16615.81,16.61581,2,8,2021,6.5,0,19,0.56,3006,0.7866,0.9567,610,0.100739776,0.796559966,1,0.0608083,0.824897186,1,1,0.24,2.87,0.07,7.000000000000001e-4,0.0250668,0.0252
6,02-08-2021,aphrodite,78,62,aphrodite62,1,2.055441275,4.203061799,0.830489434,0.853558317,62784.391,2.156892807,4,1.24838,0.0257668,500830.358,500.830358,16615.81,16.61581,2,8,2021,6.5,0,19,0.56,3006,0.7866,0.9567,610,0.710775086,0.816435851,2,0.4572497,0.848762935,2,1,1.73,2.87,0.07,7.000000000000001e-4,0.0250668,0.0252
6,02-08-2021,archippus,78,62,archippus62,1,0.009524734,0.047616609,0.733580197,0.754899132,61847.461,2.156892807,4,1.24838,0.0257668,500830.358,500.830358,16615.81,16.61581,2,8,2021,6.5,0,19,0.56,3006,0.7866,0.9567,610,0.012210882,0.720592652,3,0.00268,0.750467486,1,1,0,2.87,0.07,7.000000000000001e-4,0.0250668,0.0252
6,02-08-2021,atalanta,78,62,atalanta62,1,0.110324455,0.28672367,0.762331592,0.785494155,62784.391,2.156892807,4,1.24838,0.0257668,500830.358,500.830358,16615.81,16.61581,2,8,2021,6.5,0,19,0.56,3006,0.7866,0.9567,610,0.056475329,0.748220906,4,0.0272174,0.780679267,0,0,0.1,2.87,0.07,7.000000000000001e-4,0.0250668,0.0252
6,02-08-2021,augustinus,78,62,augustinus62,1,11.78606893,17.62224156,0.859943729,0.89161762,32247.78,2.156892807,4,1.24838,0.0257668,500830.358,500.830358,16615.81,16.61581,2,8,2021,6.5,0,19,0.56,3006,0.7866,0.9567,610,10.75575183,0.840647922,5,6.0676219,0.885033451,0,0,10.78,2.87,0.07,7.000000000000001e-4,0.0250668,0.0252
6,02-08-2021,baptisiae,78,62,baptisiae62,1,0.926014862,1.979929343,0.703613422,0.739615793,39049.132,2.156892807,4,1.24838,0.0257668,500830.358,500.830358,16615.81,16.61581,2,8,2021,6.5,0,19,0.56,3006,0.7866,0.9567,610,0.29713146,0.681680696,6,0.1946456,0.732131847,0,0,0.8,2.87,0.07,7.000000000000001e-4,0.0250668,0.0252
6,02-08-2021,bellona,78,62,bellona62,1,3.134191101,6.132302493,0.835369173,0.859550125,61847.461,2.156892807,4,1.24838,0.0257668,500830.358,500.830358,16615.81,16.61581,2,8,2021,6.5,0,19,0.56,3006,0.7866,0.9567,610,1.243983597,0.820638082,7,0.7691826,0.85452354,0,0,2.67,2.87,0.07,7.000000000000001e-4,0.0250668,0.0252
6,02-08-2021,bimacula,78,62,bimacula62,1,2.22964483,4.551738262,0.657003289,0.70433001,61847.461,2.156892807,4,1.24838,0.0257668,500830.358,500.830358,16615.81,16.61581,2,8,2021,6.5,0,19,0.56,3006,0.7866,0.9567,610,0.792180965,0.628171743,8,0.5034273,0.694492029,0,0,1.88,2.87,0.07,7.000000000000001e-4,0.0250668,0.0252
6,02-08-2021,cocyta,78,62,cocyta62,1,20.49513087,26.7810148,0.895941987,0.929328974,62784.391,2.156892807,4,1.24838,0.0257668,500830.358,500.830358,16615.81,16.61581,2,8,2021,6.5,0,19,0.56,3006,0.7866,0.9567,610,26.5739318,0.875602558,9,14.4507986,0.922388697,0,0,19.36,2.87,0.07,7.000000000000001e-4,0.0250668,0.0252
6,02-08-2021,comyntas,78,62,comyntas62,1,0.115109139,0.295939788,0.748937301,0.7734955,62784.391,2.156892807,4,1.24838,0.0257668,500830.358,500.830358,16615.81,16.61581,2,8,2021,6.5,0,19,0.56,3006,0.7866,0.9567,610,0.057492902,0.733976391,10,0.0281993,0.768390496,0,0,0.1,2.87,0.07,7.000000000000001e-4,0.0250668,0.0252
6,02-08-2021,cybele,78,62,cybele62,1,0.413750182,0.891915417,0.788896658,0.812200957,62784.391,2.156892807,4,1.24838,0.0257668,500830.358,500.830358,16615.81,16.61581,2,8,2021,6.5,0,19,0.56,3006,0.7866,0.9567,610,0.140933929,0.774699626,11,0.0883649,0.807356606,3,1,0.36,2.87,0.07,7.000000000000001e-4,0.0250668,0.0252
6,02-08-2021,cymela,78,62,cymela62,1,0.548462242,1.168910962,0.721233982,0.752989327,32253.665,2.156892807,4,1.24838,0.0257668,500830.358,500.830358,16615.81,16.61581,2,8,2021,6.5,0,19,0.56,3006,0.7866,0.9567,610,0.178584148,0.701888554,12,0.1149038,0.746388225,0,0,0.48,2.87,0.07,7.000000000000001e-4,0.0250668,0.0252
6,02-08-2021,dion,78,62,dion62,1,0.20535756,0.474630075,0.599249454,0.640567068,92557.05,2.156892807,4,1.24838,0.0257668,500830.358,500.830358,16615.81,16.61581,2,8,2021,6.5,0,19,0.56,3006,0.7866,0.9567,610,0.081914666,0.574078669,13,0.0476951,0.631978222,0,0,0.18,2.87,0.07,7.000000000000001e-4,0.0250668,0.0252
6,02-08-2021,egeremet,78,62,egeremet62,1,4.322854757,8.072807332,0.688544175,0.737617554,62784.391,2.156892807,4,1.24838,0.0257668,500830.358,500.830358,16615.81,16.61581,2,8,2021,6.5,0,19,0.56,3006,0.7866,0.9567,610,1.919652397,0.65864856,14,1.1871818,0.727416488,0,0,3.75,2.87,0.07,7.000000000000001e-4,0.0250668,0.0252
6,02-08-2021,eurytheme,78,62,eurytheme62,1,0.002981501,0.025600328,0.738782118,0.757906853,62784.391,2.156892807,4,1.24838,0.0257668,500830.358,500.830358,16615.81,16.61581,2,8,2021,6.5,0,19,0.56,3006,0.7866,0.9567,610,5.08787e-4,0.727131286,15,4.02e-4,0.753931324,0,0,0,2.87,0.07,7.000000000000001e-4,0.0250668,0.0252
6,02-08-2021,henrici,78,62,henrici62,1,23.81535334,29.99436793,0.891101238,0.931063897,32253.665,2.156892807,4,1.24838,0.0257668,500830.358,500.830358,16615.81,16.61581,2,8,2021,6.5,0,19,0.56,3006,0.7866,0.9567,610,32.51757858,0.866755896,16,17.811316,0.92275671,0,0,22.67,2.87,0.07,7.000000000000001e-4,0.0250668,0.0252
6,02-08-2021,lineola,78,62,lineola62,1,7.957589848,12.82986022,0.773998326,0.816725798,61847.461,2.156892807,4,1.24838,0.0257668,500830.358,500.830358,16615.81,16.61581,2,8,2021,6.5,0,19,0.56,3006,0.7866,0.9567,610,5.232871694,0.747968653,17,3.0361943,0.80784388,0,0,7.11,2.87,0.07,7.000000000000001e-4,0.0250668,0.0252
6,02-08-2021,lucia,78,62,lucia62,1,17.11516234,23.34596283,0.90610968,0.93250866,62784.391,2.156892807,4,1.24838,0.0257668,500830.358,500.830358,16615.81,16.61581,2,8,2021,6.5,0,19,0.56,3006,0.7866,0.9567,610,20.33620628,0.890027362,18,0.245215,0.927021006,0,0,16.01,2.87,0.07,7.000000000000001e-4,0.0250668,0.0252
6,02-08-2021,lucilius,78,62,lucilius62,1,1.158893281,2.428447084,0.703787333,0.740848808,32253.665,2.156892807,4,1.24838,0.0257668,500830.358,500.830358,16615.81,16.61581,2,8,2021,6.5,0,19,0.56,3006,0.7866,0.9567,610,0.374467046,0.681209399,19,11.1018591,0.733144702,0,0,0.99,2.87,0.07,7.000000000000001e-4,0.0250668,0.0252
6,02-08-2021,lygdamus,78,62,lygdamus62,1,0.278074043,0.631304081,0.812227533,0.832153899,62784.391,2.156892807,4,1.24838,0.0257668,500830.358,500.830358,16615.81,16.61581,2,8,2021,6.5,0,19,0.56,3006,0.7866,0.9567,610,0.102774923,0.800088346,20,0.0623973,0.828011731,0,0,0.25,2.87,0.07,7.000000000000001e-4,0.0250668,0.0252
6,02-08-2021,origenes,78,62,origenes62,1,0.772806785,1.642517024,0.712571631,0.746698665,62784.391,2.156892807,4,1.24838,0.0257668,500830.358,500.830358,16615.81,16.61581,2,8,2021,6.5,0,19,0.56,3006,0.7866,0.9567,610,0.247779146,0.691781365,21,0.1615366,0.739604552,0,0,0.67,2.87,0.07,7.000000000000001e-4,0.0250668,0.0252
6,02-08-2021,pegala,78,62,pegala62,1,0.049507195,0.151041933,0.780448346,0.800450735,62784.391,2.156892807,4,1.24838,0.0257668,500830.358,500.830358,16615.81,16.61581,2,8,2021,6.5,0,19,0.56,3006,0.7866,0.9567,610,0.034088712,0.768262845,22,0.012899,0.796292764,0,0,0.04,2.87,0.07,7.000000000000001e-4,0.0250668,0.0252
6,02-08-2021,philodice,78,62,philodice62,1,0.093417382,0.248323179,0.79085504,0.810955002,62784.391,2.156892807,4,1.24838,0.0257668,500830.358,500.830358,16615.81,16.61581,2,8,2021,6.5,0,19,0.56,3006,0.7866,0.9567,610,0.050878675,0.778610097,23,0.0236645,0.806776748,1,1,0.08,2.87,0.07,7.000000000000001e-4,0.0250668,0.0252
6,02-08-2021,plexippus,78,62,plexippus62,1,0.183612244,0.43674159,0.795867871,0.816696714,61847.461,2.156892807,4,1.24838,0.0257668,500830.358,500.830358,16615.81,16.61581,2,8,2021,6.5,0,19,0.56,3006,0.7866,0.9567,610,0.074791652,0.783178892,24,0.0430711,0.812366945,1,1,0.16,2.87,0.07,7.000000000000001e-4,0.0250668,0.0252
6,02-08-2021,polios,78,62,polios62,1,33.38156997,39.15416517,0.940612682,0.976842409,61847.461,2.156892807,4,1.24838,0.0257668,500830.358,500.830358,16615.81,16.61581,2,8,2021,6.5,0,19,0.56,3006,0.7866,0.9567,610,46.6867807,0.91854145,25,28.0039334,0.969311202,0,0,32.2,2.87,0.07,7.000000000000001e-4,0.0250668,0.0252
6,02-08-2021,progne,78,62,progne62,1,8.138809749,13.0623112,0.851631489,0.879928027,39049.132,2.156892807,4,1.24838,0.0257668,500830.358,500.830358,16615.81,16.61581,2,8,2021,6.5,0,19,0.56,3006,0.7866,0.9567,610,5.445035768,0.834393174,26,3.1557668,0.874045921,0,0,7.28,2.87,0.07,7.000000000000001e-4,0.0250668,0.0252
6,02-08-2021,rapae,78,62,rapae62,1,0.058192825,0.171522195,0.770827812,0.791979608,32247.78,2.156892807,4,1.24838,0.0257668,500830.358,500.830358,16615.81,16.61581,2,8,2021,6.5,0,19,0.56,3006,0.7866,0.9567,610,0.036632646,0.757942089,27,0.0148718,0.787582705,0,0,0.05,2.87,0.07,7.000000000000001e-4,0.0250668,0.0252
6,02-08-2021,sassacus,78,62,sassacus62,1,15.14023051,21.30356869,0.819481038,0.866447539,62784.391,2.156892807,4,1.24838,0.0257668,500830.358,500.830358,16615.81,16.61581,2,8,2021,6.5,0,19,0.56,3006,0.7866,0.9567,610,16.67141534,0.79086892,28,9.1928774,0.856684419,0,0,14.06,2.87,0.07,7.000000000000001e-4,0.0250668,0.0252
6,02-08-2021,selene,78,62,selene62,1,2.329176967,4.729404536,0.798429887,0.826450317,61847.461,2.156892807,4,1.24838,0.0257668,500830.358,500.830358,16615.81,16.61581,2,8,2021,6.5,0,19,0.56,3006,0.7866,0.9567,610,0.842042066,0.781359778,29,0.5306536,0.820625606,0,0,1.97,2.87,0.07,7.000000000000001e-4,0.0250668,0.0252
6,02-08-2021,tharos,78,62,tharos62,1,0.073814461,0.206338641,0.758502199,0.781249407,62784.391,2.156892807,4,1.24838,0.0257668,500830.358,500.830358,16615.81,16.61581,2,8,2021,6.5,0,19,0.56,3006,0.7866,0.9567,610,0.04375566,0.744644549,30,0.0188709,0.776520861,0,0,0.07,2.87,0.07,7.000000000000001e-4,0.0250668,0.0252
6,02-08-2021,themistocles,78,62,themistocles62,1,0.029939981,0.098305258,0.706689235,0.732360342,62784.391,2.156892807,4,1.24838,0.0257668,500830.358,500.830358,16615.81,16.61581,2,8,2021,6.5,0,19,0.56,3006,0.7866,0.9567,610,0.027983271,0.691050338,31,0.00832,0.727023994,0,0,0.03,2.87,0.07,7.000000000000001e-4,0.0250668,0.0252
6,02-08-2021,tullia,78,62,tullia62,1,0.065325217,0.188418412,0.760445231,0.78277896,61847.461,2.156892807,4,1.24838,0.0257668,500830.358,500.830358,16615.81,16.61581,2,8,2021,6.5,0,19,0.56,3006,0.7866,0.9567,610,0.040194153,0.746839441,32,0.0167107,0.778136333,2,1,0.06,2.87,0.07,7.000000000000001e-4,0.0250668,0.0252
6,02-08-2021,vestris,78,62,vestris62,1,0.080402328,0.219650812,0.742106503,0.766577986,62784.391,2.156892807,4,1.24838,0.0257668,500830.358,500.830358,16615.81,16.61581,2,8,2021,6.5,0,19,0.56,3006,0.7866,0.9567,610,0.04528202,0.727198419,33,0.0205134,0.761491008,1,1,0.07,2.87,0.07,7.000000000000001e-4,0.0250668,0.0252
6,24-05-2021,antiopa,8,61,antiopa61,1,3.395752079,8.268829782,0.809961081,0.858446932,62784.391,2.346202416,4,1.24838,0.02434028,500830.358,500.830358,16615.81,16.61581,24,5,2021,2,0.05,21.3,0.285,3307,0.7677,0.9675,610,1.743884453,0.791295768,1,0.6005061,0.83723015,1,1,3.35,2.67,0.06,6e-4,0.02374028,0.0237
6,24-05-2021,aphrodite,8,61,aphrodite61,1,8.290464665,16.93434369,0.831723803,0.887036436,62784.391,2.346202416,4,1.24838,0.02434028,500830.358,500.830358,16615.81,16.61581,24,5,2021,2,0.05,21.3,0.285,3307,0.7677,0.9675,610,7.314245029,0.810430456,2,3.1062203,0.862832375,0,0,8.08,2.67,0.06,6e-4,0.02374028,0.0237
6,24-05-2021,archippus,8,61,archippus61,1,0.330933935,1.115292682,0.734720929,0.785837685,61847.461,2.346202416,4,1.24838,0.02434028,500830.358,500.830358,16615.81,16.61581,24,5,2021,2,0.05,21.3,0.285,3307,0.7677,0.9675,610,0.007119972,0.715042812,3,0.00641,0.763469653,0,0,0,2.67,0.06,6e-4,0.02374028,0.0237
6,24-05-2021,atalanta,8,61,atalanta61,1,2.163265464,5.67563444,0.763570973,0.819108224,62784.391,2.346202416,4,1.24838,0.02434028,500830.358,500.830358,16615.81,16.61581,24,5,2021,2,0.05,21.3,0.285,3307,0.7677,0.9675,610,0.793876824,0.742191124,4,0.2444173,0.79480584,0,0,2.13,2.67,0.06,6e-4,0.02374028,0.0237
6,24-05-2021,augustinus,8,61,augustinus61,1,19.94120194,35.35879571,0.861638534,0.937583534,32247.78,2.346202416,4,1.24838,0.02434028,500830.358,500.830358,16615.81,16.61581,24,5,2021,2,0.05,21.3,0.285,3307,0.7677,0.9675,610,23.83664751,0.832402434,5,12.8257539,0.904350982,1,1,19.47,2.67,0.06,6e-4,0.02374028,0.0237
6,24-05-2021,baptisiae,8,61,baptisiae61,1,5.901919661,12.80221736,0.705539835,0.7918633,39049.132,2.346202416,4,1.24838,0.02434028,500830.358,500.830358,16615.81,16.61581,24,5,2021,2,0.05,21.3,0.285,3307,0.7677,0.9675,610,4.32436556,0.672308399,6,1.7133959,0.754089266,0,0,5.79,2.67,0.06,6e-4,0.02374028,0.0237
6,24-05-2021,bellona,8,61,bellona61,1,9.984779533,19.94965163,0.836663046,0.894642103,61847.461,2.346202416,4,1.24838,0.02434028,500830.358,500.830358,16615.81,16.61581,24,5,2021,2,0.05,21.3,0.285,3307,0.7677,0.9675,610,9.612978691,0.814343189,7,4.2647252,0.869271216,0,0,9.71,2.67,0.06,6e-4,0.02374028,0.0237
6,24-05-2021,bimacula,8,61,bimacula61,1,8.592314122,17.46986726,0.659535645,0.773011686,61847.461,2.346202416,4,1.24838,0.02434028,500830.358,500.830358,16615.81,16.61581,24,5,2021,2,0.05,21.3,0.285,3307,0.7677,0.9675,610,7.730763363,0.615851441,8,3.3044935,0.723356035,0,0,8.37,2.67,0.06,6e-4,0.02374028,0.0237
6,24-05-2021,cocyta,8,61,cocyta61,1,27.12987594,44.11025784,0.897728456,0.977780973,62784.391,2.346202416,4,1.24838,0.02434028,500830.358,500.830358,16615.81,16.61581,24,5,2021,2,0.05,21.3,0.285,3307,0.7677,0.9675,610,35.24894472,0.866911109,9,19.9953374,0.942751025,0,0,26.61,2.67,0.06,6e-4,0.02374028,0.0237
6,24-05-2021,comyntas,8,61,comyntas61,1,2.213943679,5.794639679,0.75025136,0.809134949,62784.391,2.346202416,4,1.24838,0.02434028,500830.358,500.830358,16615.81,16.61581,24,5,2021,2,0.05,21.3,0.285,3307,0.7677,0.9675,610,0.819813864,0.727583292,10,0.2558282,0.783368251,0,0,2.18,2.67,0.06,6e-4,0.02374028,0.0237
6,24-05-2021,cybele,8,61,cybele61,1,4.117130247,9.657732798,0.790143623,0.846020717,62784.391,2.346202416,4,1.24838,0.02434028,500830.358,500.830358,16615.81,16.61581,24,5,2021,2,0.05,21.3,0.285,3307,0.7677,0.9675,610,2.361287698,0.768632948,11,0.872147,0.821569622,0,0,4.05,2.67,0.06,6e-4,0.02374028,0.0237
6,24-05-2021,cymela,8,61,cymela61,1,4.680976154,10.66520877,0.722933146,0.799073447,32253.665,2.346202416,4,1.24838,0.02434028,500830.358,500.830358,16615.81,16.61581,24,5,2021,2,0.05,21.3,0.285,3307,0.7677,0.9675,610,2.927325434,0.693621862,12,1.1147223,0.765755434,0,0,4.61,2.67,0.06,6e-4,0.02374028,0.0237
6,24-05-2021,dion,8,61,dion61,1,2.979708972,7.431215989,0.601460275,0.700528184,92557.05,2.346202416,4,1.24838,0.02434028,500830.358,500.830358,16615.81,16.61581,24,5,2021,2,0.05,21.3,0.285,3307,0.7677,0.9675,610,1.400600112,0.563322684,13,0.4648699,0.657177346,0,0,2.94,2.67,0.06,6e-4,0.02374028,0.0237
6,24-05-2021,egeremet,8,61,egeremet61,1,11.58816644,22.64862941,0.69116999,0.808834023,62784.391,2.346202416,4,1.24838,0.02434028,500830.358,500.830358,16615.81,16.61581,24,5,2021,2,0.05,21.3,0.285,3307,0.7677,0.9675,610,11.83084982,0.64587356,14,5.4696199,0.757345761,0,0,11.24,2.67,0.06,6e-4,0.02374028,0.0237
6,24-05-2021,eurytheme,8,61,eurytheme61,1,0.064214446,0.26038753,0.739805444,0.785661129,62784.391,2.346202416,4,1.24838,0.02434028,500830.358,500.830358,16615.81,16.61581,24,5,2021,2,0.05,21.3,0.285,3307,0.7677,0.9675,610,0,0.72215265,15,3.87e-4,0.765595273,0,0,0.06,2.67,0.06,6e-4,0.02374028,0.0237
6,24-05-2021,henrici,8,61,henrici61,1,29.35916949,47.08233738,0.893239558,0.989058668,32253.665,2.346202416,4,1.24838,0.02434028,500830.358,500.830358,16615.81,16.61581,24,5,2021,2,0.05,21.3,0.285,3307,0.7677,0.9675,610,39.15068911,0.856352639,16,22.432133,0.947129463,0,0,28.82,2.67,0.06,6e-4,0.02374028,0.0237
6,24-05-2021,lineola,8,61,lineola61,1,15.81342596,29.53720185,0.776284585,0.878732934,61847.461,2.346202416,4,1.24838,0.02434028,500830.358,500.830358,16615.81,16.61581,24,5,2021,2,0.05,21.3,0.285,3307,0.7677,0.9675,610,17.77144891,0.736845648,17,9.0298282,0.833902859,0,0,15.39,2.67,0.06,6e-4,0.02374028,0.0237
6,24-05-2021,lucia,8,61,lucia61,1,24.6480509,41.02120734,0.907522236,0.970819494,62784.391,2.346202416,4,1.24838,0.02434028,500830.358,500.830358,16615.81,16.61581,24,5,2021,2,0.05,21.3,0.285,3307,0.7677,0.9675,610,31.11885267,0.883155063,18,2.0336558,0.943121431,0,0,24.15,2.67,0.06,6e-4,0.02374028,0.0237
6,24-05-2021,lucilius,8,61,lucilius61,1,6.503190933,13.81630473,0.705770417,0.794633313,32253.665,2.346202416,4,1.24838,0.02434028,500830.358,500.830358,16615.81,16.61581,24,5,2021,2,0.05,21.3,0.285,3307,0.7677,0.9675,610,5.041956975,0.671561391,19,17.4069512,0.755748057,2,1,6.37,2.67,0.06,6e-4,0.02374028,0.0237
6,24-05-2021,lygdamus,8,61,lygdamus61,1,3.444238803,8.361389412,0.813293752,0.86107152,62784.391,2.346202416,4,1.24838,0.02434028,500830.358,500.830358,16615.81,16.61581,24,5,2021,2,0.05,21.3,0.285,3307,0.7677,0.9675,610,1.786095713,0.794901026,20,0.6175469,0.840164586,1,1,3.39,2.67,0.06,6e-4,0.02374028,0.0237
6,24-05-2021,origenes,8,61,origenes61,1,5.458879659,12.02817474,0.714397699,0.796224637,62784.391,2.346202416,4,1.24838,0.02434028,500830.358,500.830358,16615.81,16.61581,24,5,2021,2,0.05,21.3,0.285,3307,0.7677,0.9675,610,3.779179169,0.682897264,21,1.4859627,0.760418225,0,0,5.36,2.67,0.06,6e-4,0.02374028,0.0237
6,24-05-2021,pegala,8,61,pegala61,1,1.345168893,3.67797386,0.781518632,0.829478683,62784.391,2.346202416,4,1.24838,0.02434028,500830.358,500.830358,16615.81,16.61581,24,5,2021,2,0.05,21.3,0.285,3307,0.7677,0.9675,610,0.306667345,0.763055734,22,0.0943474,0.808491984,0,0,1.33,2.67,0.06,6e-4,0.02374028,0.0237
6,24-05-2021,philodice,8,61,philodice61,1,1.978604064,5.227076235,0.791930548,0.840124551,62784.391,2.346202416,4,1.24838,0.02434028,500830.358,500.830358,16615.81,16.61581,24,5,2021,2,0.05,21.3,0.285,3307,0.7677,0.9675,610,0.669277323,0.773377586,23,0.2043754,0.819035478,0,0,1.95,2.67,0.06,6e-4,0.02374028,0.0237
6,24-05-2021,plexippus,8,61,plexippus61,1,2.819975775,7.098103036,0.79698238,0.846924033,61847.461,2.346202416,4,1.24838,0.02434028,500830.358,500.830358,16615.81,16.61581,24,5,2021,2,0.05,21.3,0.285,3307,0.7677,0.9675,610,1.272949194,0.777756635,24,0.4165343,0.82507021,0,0,2.78,2.67,0.06,6e-4,0.02374028,0.0237
6,24-05-2021,polios,8,61,polios61,1,35.67876643,55.16248792,0.94255126,1.029419862,61847.461,2.346202416,4,1.24838,0.02434028,500830.358,500.830358,16615.81,16.61581,24,5,2021,2,0.05,21.3,0.285,3307,0.7677,0.9675,610,50.31531302,0.909109966,25,29.522171,0.991407283,0,0,35.1,2.67,0.06,6e-4,0.02374028,0.0237
6,24-05-2021,progne,8,61,progne61,1,16.01861369,29.84692061,0.853145579,0.920992645,39049.132,2.346202416,4,1.24838,0.02434028,500830.358,500.830358,16615.81,16.61581,24,5,2021,2,0.05,21.3,0.285,3307,0.7677,0.9675,610,18.06438489,0.827026893,26,9.2116274,0.891303645,0,0,15.59,2.67,0.06,6e-4,0.02374028,0.0237
6,24-05-2021,rapae,8,61,rapae61,1,1.487974716,4.037023852,0.771959601,0.822675603,32247.78,2.346202416,4,1.24838,0.02434028,500830.358,500.830358,16615.81,16.61581,24,5,2021,2,0.05,21.3,0.285,3307,0.7677,0.9675,610,0.382952754,0.75243576,27,0.1157617,0.800482935,0,0,1.47,2.67,0.06,6e-4,0.02374028,0.0237
6,24-05-2021,sassacus,8,61,sassacus61,1,23.04316206,39.11356355,0.821994119,0.934606455,62784.391,2.346202416,4,1.24838,0.02434028,500830.358,500.830358,16615.81,16.61581,24,5,2021,2,0.05,21.3,0.285,3307,0.7677,0.9675,610,28.55871434,0.778642393,28,15.8090902,0.885328731,0,0,22.55,2.67,0.06,6e-4,0.02374028,0.0237
6,24-05-2021,selene,8,61,selene61,1,8.754201026,17.77653461,0.799929203,0.867114239,61847.461,2.346202416,4,1.24838,0.02434028,500830.358,500.830358,16615.81,16.61581,24,5,2021,2,0.05,21.3,0.285,3307,0.7677,0.9675,610,7.95148248,0.77406537500000006,29,3.4140586,0.837714935,0,0,8.53,2.67,0.06,6e-4,0.02374028,0.0237
6,24-05-2021,tharos,8,61,tharos61,1,1.726053694,4.622387225,0.759719356,0.814260703,62784.391,2.346202416,4,1.24838,0.02434028,500830.358,500.830358,16615.81,16.61581,24,5,2021,2,0.05,21.3,0.285,3307,0.7677,0.9675,610,0.510603672,0.738722894,30,0.1556336,0.790394114,0,0,1.7,2.67,0.06,6e-4,0.02374028,0.0237
6,24-05-2021,themistocles,8,61,themistocles61,1,0.955168625,2.700503484,0.708062843,0.769614871,62784.391,2.346202416,4,1.24838,0.02434028,500830.358,500.830358,16615.81,16.61581,24,5,2021,2,0.05,21.3,0.285,3307,0.7677,0.9675,610,0.13426232,0.684367521,31,0.0475232,0.742680498,0,0,0.94,2.67,0.06,6e-4,0.02374028,0.0237
6,24-05-2021,tullia,8,61,tullia61,1,1.604709362,4.323348421,0.761640263,0.815190206,61847.461,2.346202416,4,1.24838,0.02434028,500830.358,500.830358,16615.81,16.61581,24,5,2021,2,0.05,21.3,0.285,3307,0.7677,0.9675,610,0.437369679,0.741025426,32,0.1342099,0.791757411,0,0,1.58,2.67,0.06,6e-4,0.02374028,0.0237
6,24-05-2021,vestris,8,61,vestris61,1,1.816566023,4.853786299,0.743415922,0.802091592,62784.391,2.346202416,4,1.24838,0.02434028,500830.358,500.830358,16615.81,16.61581,24,5,2021,2,0.05,21.3,0.285,3307,0.7677,0.9675,610,0.564512028,0.720827894,33,0.1725704,0.776415876,0,0,1.79,2.67,0.06,6e-4,0.02374028,0.0237
7,02-06-2021,antiopa,17,71,antiopa71,1,21.23913316,46.85748954,0.924323974,0.984411379,66055.19,5.448110626,16,0.470832,0.02598329,485335.7005,485.3357005,761.5563,0.7615563,2,6,2021,1.7,0.05,26.2,0.355,2832,0.6173,0.9652,710,24.5917684,0.914965036,1,13.1102279,0.965231603,0,0,21.28,2.72,0.07,7.000000000000001e-4,0.02528329,0.0253
7,02-06-2021,aphrodite,17,71,aphrodite71,1,34.07264826,62.21718551,0.962188929,1.030736608,66055.19,5.448110626,16,0.470832,0.02598329,485335.7005,485.3357005,761.5563,0.7615563,2,6,2021,1.7,0.05,26.2,0.355,2832,0.6173,0.9652,710,58.22444296,0.951512295,2,33.5336495,1.008856371,0,0,33.92,2.72,0.07,7.000000000000001e-4,0.02528329,0.0253
7,02-06-2021,archippus,17,71,archippus71,1,7.04394067,11.11111111,0.8552893,0.918637125,64516.912,5.448110626,16,0.470832,0.02598329,485335.7005,485.3357005,761.5563,0.7615563,2,6,2021,1.7,0.05,26.2,0.355,2832,0.6173,0.9652,710,0.642181356,0.845422534,3,0.4868512,0.89841663,0,0,0,2.72,0.07,7.000000000000001e-4,0.02528329,0.0253
7,02-06-2021,atalanta,17,71,atalanta71,1,17.76665122,38.19490948,0.894565903,0.963391946,66055.19,5.448110626,16,0.470832,0.02598329,485335.7005,485.3357005,761.5563,0.7615563,2,6,2021,1.7,0.05,26.2,0.355,2832,0.6173,0.9652,710,13.47149963,0.883845875,4,7.2227825,0.941422815,0,0,17.85,2.72,0.07,7.000000000000001e-4,0.02528329,0.0253
7,02-06-2021,augustinus,17,71,augustinus71,1,61.19276236,90.71984981,1.040768933,1.134885832,32499.694,5.448110626,16,0.470832,0.02598329,485335.7005,485.3357005,761.5563,0.7615563,2,6,2021,1.7,0.05,26.2,0.355,2832,0.6173,0.9652,710,91.74779787,1.026109717,5,61.1208697,1.104843912,0,0,60.77,2.72,0.07,7.000000000000001e-4,0.02528329,0.0253
7,02-06-2021,baptisiae,17,71,baptisiae71,1,27.54401024,55.7198212,0.909149773,1.016128465,36535.34,5.448110626,16,0.470832,0.02598329,485335.7005,485.3357005,761.5563,0.7615563,2,6,2021,1.7,0.05,26.2,0.355,2832,0.6173,0.9652,710,43.89670152,0.892487262,6,24.4173992,0.981981087,0,0,27.47,2.72,0.07,7.000000000000001e-4,0.02528329,0.0253
7,02-06-2021,bellona,17,71,bellona71,1,38.88062826,67.16289771,0.97341743,1.045269547,64516.912,5.448110626,16,0.470832,0.02598329,485335.7005,485.3357005,761.5563,0.7615563,2,6,2021,1.7,0.05,26.2,0.355,2832,0.6173,0.9652,710,66.60485242,0.962226074,7,39.1824748,1.0223345,0,0,38.69,2.72,0.07,7.000000000000001e-4,0.02528329,0.0253
7,02-06-2021,bimacula,17,71,bimacula71,1,34.93049406,63.05453963,0.927189981,1.067818239,64516.912,5.448110626,16,0.470832,0.02598329,485335.7005,485.3357005,761.5563,0.7615563,2,6,2021,1.7,0.05,26.2,0.355,2832,0.6173,0.9652,710,59.83275812,0.905286369,8,34.5872773,1.022929989,0,0,34.77,2.72,0.07,7.000000000000001e-4,0.02528329,0.0253
7,02-06-2021,cocyta,17,71,cocyta71,1,70.6398234,96.35467642,1.086547199,1.18575445,66055.19,5.448110626,16,0.470832,0.02598329,485335.7005,485.3357005,761.5563,0.7615563,2,6,2021,1.7,0.05,26.2,0.355,2832,0.6173,0.9652,710,97.06611263,1.071095133,9,69.9550286,1.1540877,0,0,70.16,2.72,0.07,7.000000000000001e-4,0.02528329,0.0253
7,02-06-2021,comyntas,17,71,comyntas71,1,17.92986994,38.63848395,0.88913925,0.962112332,66055.19,5.448110626,16,0.470832,0.02598329,485335.7005,485.3357005,761.5563,0.7615563,2,6,2021,1.7,0.05,26.2,0.355,2832,0.6173,0.9652,710,13.9299553,0.877773297,10,7.4550588,0.938819475,0,0,18.01,2.72,0.07,7.000000000000001e-4,0.02528329,0.0253
7,02-06-2021,cybele,17,71,cybele71,1,23.03287015,50.06324513,0.921940134,0.991187336,66055.19,5.448110626,16,0.470832,0.02598329,485335.7005,485.3357005,761.5563,0.7615563,2,6,2021,1.7,0.05,26.2,0.355,2832,0.6173,0.9652,710,30.69707012,0.911154508,11,16.5106764,0.969083772,0,0,23.04,2.72,0.07,7.000000000000001e-4,0.02528329,0.0253
7,02-06-2021,cymela,17,71,cymela71,1,24.42498956,52.0859447,0.902524199,0.99688313,30603.409,5.448110626,16,0.470832,0.02598329,485335.7005,485.3357005,761.5563,0.7615563,2,6,2021,1.7,0.05,26.2,0.355,2832,0.6173,0.9652,710,35.13739361,0.887827285,12,19.0932821,0.966763954,1,1,24.4,2.72,0.07,7.000000000000001e-4,0.02528329,0.0253
7,02-06-2021,dion,17,71,dion71,1,20.16072343,44.46504919,0.835130355,0.957902946,94206.797,5.448110626,16,0.470832,0.02598329,485335.7005,485.3357005,761.5563,0.7615563,2,6,2021,1.7,0.05,26.2,0.355,2832,0.6173,0.9652,710,21.00482495,0.81600786,13,11.1302899,0.918714188,0,0,20.21,2.72,0.07,7.000000000000001e-4,0.02528329,0.0253
7,02-06-2021,egeremet,17,71,egeremet71,1,43.30420229,72.16412828,0.968702483,1.114520823,66055.19,5.448110626,16,0.470832,0.02598329,485335.7005,485.3357005,761.5563,0.7615563,2,6,2021,1.7,0.05,26.2,0.355,2832,0.6173,0.9652,710,73.20810225,0.945990487,14,43.9196379,1.067975909,0,0,43.07,2.72,0.07,7.000000000000001e-4,0.02528329,0.0253
7,02-06-2021,eurytheme,17,71,eurytheme71,1,2.370888819,2.811403584,0.847964602,0.904792502,66055.19,5.448110626,16,0.470832,0.02598329,485335.7005,485.3357005,761.5563,0.7615563,2,6,2021,1.7,0.05,26.2,0.355,2832,0.6173,0.9652,710,0.048650103,0.839113349,15,0.0592654,0.886653154,0,0,2.4,2.72,0.07,7.000000000000001e-4,0.02528329,0.0253
7,02-06-2021,henrici,17,71,henrici71,1,73.1188377,97.29677135,1.119246741,1.237993169,30603.409,5.448110626,16,0.470832,0.02598329,485335.7005,485.3357005,761.5563,0.7615563,2,6,2021,1.7,0.05,26.2,0.355,2832,0.6173,0.9652,710,97.94925508,1.100751342,16,72.3339402,1.200089554,0,0,72.63,2.72,0.07,7.000000000000001e-4,0.02528329,0.0253
7,02-06-2021,lineola,17,71,lineola71,1,53.6144978,83.68390025,1.017928059,1.144889951,64516.912,5.448110626,16,0.470832,0.02598329,485335.7005,485.3357005,761.5563,0.7615563,2,6,2021,1.7,0.05,26.2,0.355,2832,0.6173,0.9652,710,85.2836301,0.998153058,17,53.9975465,1.104363977,0,0,53.25,2.72,0.07,7.000000000000001e-4,0.02528329,0.0253
7,02-06-2021,lucia,17,71,lucia71,1,67.69659838,94.97186879,1.056820585,1.135263427,66055.19,5.448110626,16,0.470832,0.02598329,485335.7005,485.3357005,761.5563,0.7615563,2,6,2021,1.7,0.05,26.2,0.355,2832,0.6173,0.9652,710,95.71306742,1.044602688,18,26.8504388,1.110224633,0,0,67.23,2.72,0.07,7.000000000000001e-4,0.02528329,0.0253
7,02-06-2021,lucilius,17,71,lucilius71,1,29.13339961,57.31955105,0.915370075,1.025495826,30603.409,5.448110626,16,0.470832,0.02598329,485335.7005,485.3357005,761.5563,0.7615563,2,6,2021,1.7,0.05,26.2,0.355,2832,0.6173,0.9652,710,47.84079397,0.898217393,19,67.1825926,0.990343913,0,0,29.04,2.72,0.07,7.000000000000001e-4,0.02528329,0.0253
7,02-06-2021,lygdamus,17,71,lygdamus71,1,21.36256009,47.1064636,0.925986499,0.985196392,66055.19,5.448110626,16,0.470832,0.02598329,485335.7005,485.3357005,761.5563,0.7615563,2,6,2021,1.7,0.05,26.2,0.355,2832,0.6173,0.9652,710,25.03019168,0.916764238,20,13.3389754,0.966296716,1,1,21.4,2.72,0.07,7.000000000000001e-4,0.02528329,0.0253
7,02-06-2021,origenes,17,71,origenes71,1,26.38424752,54.46064207,0.907401744,1.008807994,66055.19,5.448110626,16,0.470832,0.02598329,485335.7005,485.3357005,761.5563,0.7615563,2,6,2021,1.7,0.05,26.2,0.355,2832,0.6173,0.9652,710,40.83746859,0.891607171,21,22.5285258,0.976439328,0,0,26.33,2.72,0.07,7.000000000000001e-4,0.02528329,0.0253
7,02-06-2021,pegala,17,71,pegala71,1,14.56100952,28.89930573,0.894641327,0.954077119,66055.19,5.448110626,16,0.470832,0.02598329,485335.7005,485.3357005,761.5563,0.7615563,2,6,2021,1.7,0.05,26.2,0.355,2832,0.6173,0.9652,710,6.408649416,0.885383881,22,3.6094409,0.935105337,0,0,14.67,2.72,0.07,7.000000000000001e-4,0.02528329,0.0253
7,02-06-2021,philodice,17,71,philodice71,1,17.13941281,36.40744747,0.905605064,0.965330789,66055.19,5.448110626,16,0.470832,0.02598329,485335.7005,485.3357005,761.5563,0.7615563,2,6,2021,1.7,0.05,26.2,0.355,2832,0.6173,0.9652,710,11.82311967,0.896302459,23,6.3641124,0.946266461,4,1,17.23,2.72,0.07,7.000000000000001e-4,0.02528329,0.0253
7,02-06-2021,plexippus,17,71,plexippus71,1,19.73389166,43.44625881,0.914779052,0.976670599,64516.912,5.448110626,16,0.470832,0.02598329,485335.7005,485.3357005,761.5563,0.7615563,2,6,2021,1.7,0.05,26.2,0.355,2832,0.6173,0.9652,710,19.5573413,0.905139109,24,10.3630764,0.956914945,0,0,19.79,2.72,0.07,7.000000000000001e-4,0.02528329,0.0253
7,02-06-2021,polios,17,71,polios71,1,79.42311157,98.99723553,1.147447004,1.255101272,64516.912,5.448110626,16,0.470832,0.02598329,485335.7005,485.3357005,761.5563,0.7615563,2,6,2021,1.7,0.05,26.2,0.355,2832,0.6173,0.9652,710,99.39788343,1.130679269,25,78.7899818,1.220738251,0,0,78.97,2.72,0.07,7.000000000000001e-4,0.02528329,0.0253
7,02-06-2021,progne,17,71,progne71,1,54.04299845,84.12232353,1.013175496,1.09725681,36535.34,5.448110626,16,0.470832,0.02598329,485335.7005,485.3357005,761.5563,0.7615563,2,6,2021,1.7,0.05,26.2,0.355,2832,0.6173,0.9652,710,85.70659982,1.000079376,26,54.402904,1.070418228,0,0,53.68,2.72,0.07,7.000000000000001e-4,0.02528329,0.0253
7,02-06-2021,rapae,17,71,rapae71,1,15.21876033,30.77662735,0.891582719,0.954433898,32499.694,5.448110626,16,0.470832,0.02598329,485335.7005,485.3357005,761.5563,0.7615563,2,6,2021,1.7,0.05,26.2,0.355,2832,0.6173,0.9652,710,7.582547777,0.881793308,27,4.1968272,0.934371932,0,0,15.32,2.72,0.07,7.000000000000001e-4,0.02528329,0.0253
7,02-06-2021,sassacus,17,71,sassacus71,1,65.65352432,93.80541104,1.087611248,1.227169137,66055.19,5.448110626,16,0.470832,0.02598329,485335.7005,485.3357005,761.5563,0.7615563,2,6,2021,1.7,0.05,26.2,0.355,2832,0.6173,0.9652,710,94.60785155,1.065874323,28,65.2699025,1.182622512,1,1,65.2,2.72,0.07,7.000000000000001e-4,0.02528329,0.0253
7,02-06-2021,selene,17,71,selene71,1,35.39341793,63.52730415,0.9583976,1.041658477,64516.912,5.448110626,16,0.470832,0.02598329,485335.7005,485.3357005,761.5563,0.7615563,2,6,2021,1.7,0.05,26.2,0.355,2832,0.6173,0.9652,710,60.68098697,0.945429268,29,35.1519427,1.015081777,0,0,35.23,2.72,0.07,7.000000000000001e-4,0.02528329,0.0253
7,02-06-2021,tharos,17,71,tharos71,1,16.20338087,33.65442401,0.888365262,0.955957104,66055.19,5.448110626,16,0.470832,0.02598329,485335.7005,485.3357005,761.5563,0.7615563,2,6,2021,1.7,0.05,26.2,0.355,2832,0.6173,0.9652,710,9.609253822,0.877837466,30,5.2236323,0.934381927,0,0,16.3,2.72,0.07,7.000000000000001e-4,0.02528329,0.0253
7,02-06-2021,themistocles,17,71,themistocles71,1,12.39601656,23.01149859,0.853244743,0.929524762,66055.19,5.448110626,16,0.470832,0.02598329,485335.7005,485.3357005,761.5563,0.7615563,2,6,2021,1.7,0.05,26.2,0.355,2832,0.6173,0.9652,710,3.570917541,0.841363717,31,2.1450569,0.905176337,0,0,12.5,2.72,0.07,7.000000000000001e-4,0.02528329,0.0253
7,02-06-2021,tullia,17,71,tullia71,1,15.71548409,32.22640041,0.887947757,0.954310975,64516.912,5.448110626,16,0.470832,0.02598329,485335.7005,485.3357005,761.5563,0.7615563,2,6,2021,1.7,0.05,26.2,0.355,2832,0.6173,0.9652,710,8.557266894,0.877611299,32,4.6878305,0.933127948,12,1,15.82,2.72,0.07,7.000000000000001e-4,0.02528329,0.0253
7,02-06-2021,vestris,17,71,vestris71,1,16.55184554,34.69095738,0.881813398,0.954528812,66055.19,5.448110626,16,0.470832,0.02598329,485335.7005,485.3357005,761.5563,0.7615563,2,6,2021,1.7,0.05,26.2,0.355,2832,0.6173,0.9652,710,10.36304424,0.870487578,33,5.6262451,0.931318202,0,0,16.65,2.72,0.07,7.000000000000001e-4,0.02528329,0.0253
7,26-07-2021,antiopa,71,72,antiopa72,1,28.73617895,54.29403534,0.96535795,1.007640692,66055.19,9.933324972,19,0.559113,0.02472765,485335.7005,485.3357005,761.5563,0.7615563,26,7,2021,2.8,0,27.9,0.541,2810,0.6312,0.9579,710,77.36981767,0.97861329,1,39.3676683,1.034984249,0,0,28.16,2.73,0.07,7.000000000000001e-4,0.02402765,0.024
7,26-07-2021,aphrodite,71,72,aphrodite72,1,58.1099771,87.00128554,1.009000466,1.057236595,66055.19,9.933324972,19,0.559113,0.02472765,485335.7005,485.3357005,761.5563,0.7615563,26,7,2021,2.8,0,27.9,0.541,2810,0.6312,0.9579,710,95.0683368,1.024122193,2,64.6765599,1.088430159,1,1,57.63,2.73,0.07,7.000000000000001e-4,0.02402765,0.024
7,26-07-2021,archippus,71,72,archippus72,1,5.552035454,11.21773359,0.898549833,0.94312689,64516.912,9.933324972,19,0.559113,0.02472765,485335.7005,485.3357005,761.5563,0.7615563,26,7,2021,2.8,0,27.9,0.541,2810,0.6312,0.9579,710,28.82871572,0.912524424,3,8.0663671,0.971954144,3,1,0,2.73,0.07,7.000000000000001e-4,0.02402765,0.024
7,26-07-2021,atalanta,71,72,atalanta72,1,19.2971933,39.08089783,0.941567537,0.989999547,66055.19,9.933324972,19,0.559113,0.02472765,485335.7005,485.3357005,761.5563,0.7615563,26,7,2021,2.8,0,27.9,0.541,2810,0.6312,0.9579,710,66.21736525,0.956750628,4,28.8608706,1.021319735,0,0,18.73,2.73,0.07,7.000000000000001e-4,0.02402765,0.024
7,26-07-2021,augustinus,71,72,augustinus72,1,83.2760571,99.71274502,1.105041813,1.171270676,32499.694,9.933324972,19,0.559113,0.02472765,485335.7005,485.3357005,761.5563,0.7615563,26,7,2021,2.8,0,27.9,0.541,2810,0.6312,0.9579,710,99.94008046,1.125804092,5,87.265715,1.214099798,0,0,82.94,2.73,0.07,7.000000000000001e-4,0.02402765,0.024
7,26-07-2021,baptisiae,71,72,baptisiae72,1,46.06163807,75.47752585,0.982206033,1.057485575,36535.34,9.933324972,19,0.559113,0.02472765,485335.7005,485.3357005,761.5563,0.7615563,26,7,2021,2.8,0,27.9,0.541,2810,0.6312,0.9579,710,89.56601136,1.005805635,6,55.0963525,1.106167624,0,0,45.54,2.73,0.07,7.000000000000001e-4,0.02402765,0.024
7,26-07-2021,bellona,71,72,bellona72,1,64.29878945,91.984164,1.022485584,1.073047004,64516.912,9.933324972,19,0.559113,0.02472765,485335.7005,485.3357005,761.5563,0.7615563,26,7,2021,2.8,0,27.9,0.541,2810,0.6312,0.9579,710,97.12500357,1.038336231,7,69.5914394,1.105744247,1,1,63.84,2.73,0.07,7.000000000000001e-4,0.02402765,0.024
7,26-07-2021,bimacula,71,72,bimacula72,1,59.34097381,88.06100044,1.023225691,1.122184005,64516.912,9.933324972,19,0.559113,0.02472765,485335.7005,485.3357005,761.5563,0.7615563,26,7,2021,2.8,0,27.9,0.541,2810,0.6312,0.9579,710,95.49576283,1.054248419,8,65.6377687,1.186178726,0,0,58.87,2.73,0.07,7.000000000000001e-4,0.02402765,0.024
7,26-07-2021,cocyta,71,72,cocyta72,1,91.42659083,99.98521063,1.154296305,1.224107184,66055.19,9.933324972,19,0.559113,0.02472765,485335.7005,485.3357005,761.5563,0.7615563,26,7,2021,2.8,0,27.9,0.541,2810,0.6312,0.9579,710,100,1.17618152,9,95.6692643,1.269252737,0,0,91.22,2.73,0.07,7.000000000000001e-4,0.02402765,0.024
7,26-07-2021,comyntas,71,72,comyntas72,1,19.67906992,39.74073105,0.938972917,0.990323145,66055.19,9.933324972,19,0.559113,0.02472765,485335.7005,485.3357005,761.5563,0.7615563,26,7,2021,2.8,0,27.9,0.541,2810,0.6312,0.9579,710,66.79829943,0.955070849,10,29.3312832,1.023530498,0,0,19.11,2.73,0.07,7.000000000000001e-4,0.02402765,0.024
7,26-07-2021,cybele,71,72,cybele72,1,34.08473639,61.51920911,0.969229379,1.017957753,66055.19,9.933324972,19,0.559113,0.02472765,485335.7005,485.3357005,761.5563,0.7615563,26,7,2021,2.8,0,27.9,0.541,2810,0.6312,0.9579,710,81.90544126,0.984505378,11,44.6004625,1.049469594,0,0,33.52,2.73,0.07,7.000000000000001e-4,0.02402765,0.024
7,26-07-2021,cymela,71,72,cymela72,1,38.10023172,66.48616057,0.966962364,1.033361542,30603.409,9.933324972,19,0.559113,0.02472765,485335.7005,485.3357005,761.5563,0.7615563,26,7,2021,2.8,0,27.9,0.541,2810,0.6312,0.9579,710,84.82609068,0.987778035,12,48.2792494,1.076300804,0,0,37.55,2.73,0.07,7.000000000000001e-4,0.02402765,0.024
7,26-07-2021,dion,71,72,dion72,1,25.59765218,49.55859433,0.918972344,1.005365853,94206.797,9.933324972,19,0.559113,0.02472765,485335.7005,485.3357005,761.5563,0.7615563,26,7,2021,2.8,0,27.9,0.541,2810,0.6312,0.9579,710,74.23288727,0.946056096,13,36.0805919,1.061235121,0,0,25.02,2.73,0.07,7.000000000000001e-4,0.02402765,0.024
7,26-07-2021,egeremet,71,72,egeremet72,1,68.82186377,95.05068202,1.068282525,1.170893033,66055.19,9.933324972,19,0.559113,0.02472765,485335.7005,485.3357005,761.5563,0.7615563,26,7,2021,2.8,0,27.9,0.541,2810,0.6312,0.9579,710,98.3490741,1.10045019,14,73.3783247,1.237249569,1,1,68.37,2.73,0.07,7.000000000000001e-4,0.02402765,0.024
7,26-07-2021,eurytheme,71,72,eurytheme72,1,2.942650491,6.222341043,0.886772647,0.926761716,66055.19,9.933324972,19,0.559113,0.02472765,485335.7005,485.3357005,761.5563,0.7615563,26,7,2021,2.8,0,27.9,0.541,2810,0.6312,0.9579,710,13.15833024,0.899308936,15,3.2250202,0.952621993,1,1,2.8,2.73,0.07,7.000000000000001e-4,0.02402765,0.024
7,26-07-2021,henrici,71,72,henrici72,1,93.49900061,99.9920365,1.200339244,1.283899593,30603.409,9.933324972,19,0.559113,0.02472765,485335.7005,485.3357005,761.5563,0.7615563,26,7,2021,2.8,0,27.9,0.541,2810,0.6312,0.9579,710,100,1.22653482,16,97.5704245,1.337936703,0,0,93.34,2.73,0.07,7.000000000000001e-4,0.02402765,0.024
7,26-07-2021,lineola,71,72,lineola72,1,77.30089351,98.83732836,1.104630942,1.193972408,64516.912,9.933324972,19,0.559113,0.02472765,485335.7005,485.3357005,761.5563,0.7615563,26,7,2021,2.8,0,27.9,0.541,2810,0.6312,0.9579,710,99.65646132,1.132638857,17,81.2327276,1.251748071,0,0,76.9,2.73,0.07,7.000000000000001e-4,0.02402765,0.024
7,26-07-2021,lucia,71,72,lucia72,1,88.84521225,99.95904483,1.110389577,1.165588805,66055.19,9.933324972,19,0.559113,0.02472765,485335.7005,485.3357005,761.5563,0.7615563,26,7,2021,2.8,0,27.9,0.541,2810,0.6312,0.9579,710,100,1.127694143,18,57.8948754,1.201285243,0,0,88.59,2.73,0.07,7.000000000000001e-4,0.02402765,0.024
7,26-07-2021,lucilius,71,72,lucilius72,1,49.50265492,79.0235606,0.990575477,1.068069565,30603.409,9.933324972,19,0.559113,0.02472765,485335.7005,485.3357005,761.5563,0.7615563,26,7,2021,2.8,0,27.9,0.541,2810,0.6312,0.9579,710,91.36930408,1.014869323,19,93.0226919,1.118183724,0,0,49,2.73,0.07,7.000000000000001e-4,0.02402765,0.024
7,26-07-2021,lygdamus,71,72,lygdamus72,1,29.10133597,54.81735134,0.966421218,1.008086466,66055.19,9.933324972,19,0.559113,0.02472765,485335.7005,485.3357005,761.5563,0.7615563,26,7,2021,2.8,0,27.9,0.541,2810,0.6312,0.9579,710,77.715639,0.979482978,20,39.7427645,1.0350307,0,0,28.52,2.73,0.07,7.000000000000001e-4,0.02402765,0.024
7,26-07-2021,origenes,71,72,origenes72,1,43.29545943,72.46845883,0.976652557,1.048010843,66055.19,9.933324972,19,0.559113,0.02472765,485335.7005,485.3357005,761.5563,0.7615563,26,7,2021,2.8,0,27.9,0.541,2810,0.6312,0.9579,710,88.03492453,0.999022873,21,52.7956169,1.094157079,1,1,42.77,2.73,0.07,7.000000000000001e-4,0.02402765,0.024
7,26-07-2021,pegala,71,72,pegala72,1,13.1064226,27.21243217,0.935230314,0.977054523,66055.19,9.933324972,19,0.559113,0.02472765,485335.7005,485.3357005,761.5563,0.7615563,26,7,2021,2.8,0,27.9,0.541,2810,0.6312,0.9579,710,54.89086084,0.948341906,22,20.5651879,1.004101555,1,1,12.61,2.73,0.07,7.000000000000001e-4,0.02402765,0.024
7,26-07-2021,philodice,71,72,philodice72,1,17.87878539,36.52176881,0.946392047,0.988420279,66055.19,9.933324972,19,0.559113,0.02472765,485335.7005,485.3357005,761.5563,0.7615563,26,7,2021,2.8,0,27.9,0.541,2810,0.6312,0.9579,710,64.00890233,0.9595676,23,27.0855917,1.015599249,10,1,17.32,2.73,0.07,7.000000000000001e-4,0.02402765,0.024
7,26-07-2021,plexippus,71,72,plexippus72,1,24.37527848,47.64621563,0.957045085,1.000597378,64516.912,9.933324972,19,0.559113,0.02472765,485335.7005,485.3357005,761.5563,0.7615563,26,7,2021,2.8,0,27.9,0.541,2810,0.6312,0.9579,710,72.83362342,0.97069842,24,34.7520255,1.028761933,5,1,23.8,2.73,0.07,7.000000000000001e-4,0.02402765,0.024
7,26-07-2021,polios,71,72,polios72,1,98.34136885,100,1.220964618,1.296719555,64516.912,9.933324972,19,0.559113,0.02472765,485335.7005,485.3357005,761.5563,0.7615563,26,7,2021,2.8,0,27.9,0.541,2810,0.6312,0.9579,710,100,1.244713253,25,99.8358783,1.345709033,0,0,98.3,2.73,0.07,7.000000000000001e-4,0.02402765,0.024
7,26-07-2021,progne,71,72,progne72,1,77.63521191,98.92606455,1.070595027,1.129761977,36535.34,9.933324972,19,0.559113,0.02472765,485335.7005,485.3357005,761.5563,0.7615563,26,7,2021,2.8,0,27.9,0.541,2810,0.6312,0.9579,710,99.68157046,1.089143446,26,81.561908,1.168024275,0,0,77.23,2.73,0.07,7.000000000000001e-4,0.02402765,0.024
7,26-07-2021,rapae,71,72,rapae72,1,14.16859132,29.42173582,0.93450409,0.978731664,32499.694,9.933324972,19,0.559113,0.02472765,485335.7005,485.3357005,761.5563,0.7615563,26,7,2021,2.8,0,27.9,0.541,2810,0.6312,0.9579,710,57.16723257,0.94836912,27,22.1039707,1.007332913,0,0,13.65,2.73,0.07,7.000000000000001e-4,0.02402765,0.024
7,26-07-2021,sassacus,71,72,sassacus72,1,87.02914518,99.91410792,1.182915997,1.281121106,66055.19,9.933324972,19,0.559113,0.02472765,485335.7005,485.3357005,761.5563,0.7615563,26,7,2021,2.8,0,27.9,0.541,2810,0.6312,0.9579,710,99.9908694,1.213702565,28,91.1520545,1.344628695,0,0,86.75,2.73,0.07,7.000000000000001e-4,0.02402765,0.024
7,26-07-2021,selene,71,72,selene72,1,59.98035131,88.60536285,1.015256851,1.073846469,64516.912,9.933324972,19,0.559113,0.02472765,485335.7005,485.3357005,761.5563,0.7615563,26,7,2021,2.8,0,27.9,0.541,2810,0.6312,0.9579,710,95.7365823,1.03362428,29,66.1407045,1.111735416,0,0,59.51,2.73,0.07,7.000000000000001e-4,0.02402765,0.024
7,26-07-2021,tharos,71,72,tharos72,1,15.96101089,32.91259485,0.934524054,0.982087572,66055.19,9.933324972,19,0.559113,0.02472765,485335.7005,485.3357005,761.5563,0.7615563,26,7,2021,2.8,0,27.9,0.541,2810,0.6312,0.9579,710,60.74300225,0.949434879,30,24.5729446,1.012846121,0,0,15.42,2.73,0.07,7.000000000000001e-4,0.02402765,0.024
7,26-07-2021,themistocles,71,72,themistocles72,1,10.17566956,21.03275276,0.905336732,0.95901401,66055.19,9.933324972,19,0.559113,0.02472765,485335.7005,485.3357005,761.5563,0.7615563,26,7,2021,2.8,0,27.9,0.541,2810,0.6312,0.9579,710,47.13384883,0.922164178,31,16.0789957,0.993726226,0,0,9.77,2.73,0.07,7.000000000000001e-4,0.02402765,0.024
7,26-07-2021,tullia,71,72,tullia72,1,15.03946374,31.11227404,0.933267516,0.979966467,64516.912,9.933324972,19,0.559113,0.02472765,485335.7005,485.3357005,761.5563,0.7615563,26,7,2021,2.8,0,27.9,0.541,2810,0.6312,0.9579,710,58.96481867,0.947907281,32,23.3174897,1.010165894,0,0,14.51,2.73,0.07,7.000000000000001e-4,0.02402765,0.024
7,26-07-2021,vestris,71,72,vestris72,1,16.64808348,34.22941719,0.931471102,0.982640013,66055.19,9.933324972,19,0.559113,0.02472765,485335.7005,485.3357005,761.5563,0.7615563,26,7,2021,2.8,0,27.9,0.541,2810,0.6312,0.9579,710,61.95394756,0.947512192,33,25.4901645,1.01573011,0,0,16.1,2.73,0.07,7.000000000000001e-4,0.02402765,0.024
8,09-06-2021,antiopa,24,81,antiopa81,1,1.310042328,2.681973486,0.82709138,0.897811247,47697.8,1.132299859,2,3.81135,0.01048121,387250.2,387.2502,16921.96,16.92196,9,6,2021,2.5,0,26,0.405,2810,0.9009,0.9238,810,0.02569359,0.816683066,1,0.3599023,0.866218751,0,0,1.04,24.2,0.25,0.0025,0.00798120999999999,0.0079
8,09-06-2021,aphrodite,24,81,aphrodite81,1,3.114109339,13.75208419,0.851266038,0.931943224,47697.8,1.132299859,2,3.81135,0.01048121,387250.2,387.2502,16921.96,16.92196,9,6,2021,2.5,0,26,0.405,2810,0.9009,0.9238,810,0.988383217,0.839392273,2,1.1293004,0.895902553,0,0,2.41,24.2,0.25,0.0025,0.00798120999999999,0.0079
8,09-06-2021,archippus,24,81,archippus81,1,0.243176563,0.006560066,0.75278074,0.827337958,46909.74,1.132299859,2,3.81135,0.01048121,387250.2,387.2502,16921.96,16.92196,9,6,2021,2.5,0,26,0.405,2810,0.9009,0.9238,810,0,0.741807657,3,0.00958,0.794031213,0,0,0,24.2,0.25,0.0025,0.00798120999999999,0.0079
8,09-06-2021,atalanta,24,81,atalanta81,1,0.883834211,0.802514692,0.783192567,0.864197374,47697.8,1.132299859,2,3.81135,0.01048121,387250.2,387.2502,16921.96,16.92196,9,6,2021,2.5,0,26,0.405,2810,0.9009,0.9238,810,0.006560066,0.77127055,4,0.1819457,0.828010314,0,0,0.79,24.2,0.25,0.0025,0.00798120999999999,0.0079
8,09-06-2021,augustinus,24,81,augustinus81,1,10.14408837,46.22987563,0.88847029,0.999241168,26945.355,1.132299859,2,3.81135,0.01048121,387250.2,387.2502,16921.96,16.92196,9,6,2021,2.5,0,26,0.405,2810,0.9009,0.9238,810,14.31570316,0.872167402,5,3.8605165,0.949756791,0,0,10.27,24.2,0.25,0.0025,0.00798120999999999,0.0079
8,09-06-2021,baptisiae,24,81,baptisiae81,1,2.142182046,7.819598196,0.736038356,0.86194692,29936.035,1.132299859,2,3.81135,0.01048121,387250.2,387.2502,16921.96,16.92196,9,6,2021,2.5,0,26,0.405,2810,0.9009,0.9238,810,0.252562526,0.717507554,6,0.7313,0.805700126,0,0,1.6,24.2,0.25,0.0025,0.00798120999999999,0.0079
8,09-06-2021,bellona,24,81,bellona81,1,4.117336586,18.9170425,0.857147343,0.941713688,46909.74,1.132299859,2,3.81135,0.01048121,387250.2,387.2502,16921.96,16.92196,9,6,2021,2.5,0,26,0.405,2810,0.9009,0.9238,810,2.029246959,0.84470115,7,1.4776127,0.903935592,0,0,3.42,24.2,0.25,0.0025,0.00798120999999999,0.0079
8,09-06-2021,bimacula,24,81,bimacula81,1,3.267564089,14.62511958,0.699627309,0.865139728,46909.74,1.132299859,2,3.81135,0.01048121,387250.2,387.2502,16921.96,16.92196,9,6,2021,2.5,0,26,0.405,2810,0.9009,0.9238,810,1.155118218,0.675267744,8,1.1889025,0.79120081,2,1,2.56,24.2,0.25,0.0025,0.00798120999999999,0.0079
8,09-06-2021,cocyta,24,81,cocyta81,1,14.04463855,64.07762744,0.926011419,1.042773386,47697.8,1.132299859,2,3.81135,0.01048121,387250.2,387.2502,16921.96,16.92196,9,6,2021,2.5,0,26,0.405,2810,0.9009,0.9238,810,41.00041,0.908826782,9,8.508536,0.990612627,1,1,14.75,24.2,0.25,0.0025,0.00798120999999999,0.0079
8,09-06-2021,comyntas,24,81,comyntas81,1,0.900947685,0.857181905,0.771055233,0.856940897,47697.8,1.132299859,2,3.81135,0.01048121,387250.2,387.2502,16921.96,16.92196,9,6,2021,2.5,0,26,0.405,2810,0.9009,0.9238,810,0.006560066,0.758414867,10,0.1883662,0.818573425,0,0,0.8,24.2,0.25,0.0025,0.00798120999999999,0.0079
8,09-06-2021,cybele,24,81,cybele81,1,1.547907813,4.094027607,0.809885285,0.891385775,47697.8,1.132299859,2,3.81135,0.01048121,387250.2,387.2502,16921.96,16.92196,9,6,2021,2.5,0,26,0.405,2810,0.9009,0.9238,810,0.055213885,0.797890316,11,0.4698062,0.85497728,0,0,1.19,24.2,0.25,0.0025,0.00798120999999999,0.0079
8,09-06-2021,cymela,24,81,cymela81,1,1.728602492,5.184638513,0.749833902,0.86088964,25047.525,1.132299859,2,3.81135,0.01048121,387250.2,387.2502,16921.96,16.92196,9,6,2021,2.5,0,26,0.405,2810,0.9009,0.9238,810,0.097854312,0.73348909,12,0.54985,0.811278009,1,1,1.31,24.2,0.25,0.0025,0.00798120999999999,0.0079
8,09-06-2021,dion,24,81,dion81,1,1.16827195,1.960912942,0.636461473,0.780958666,75685.5,1.132299859,2,3.81135,0.01048121,387250.2,387.2502,16921.96,16.92196,9,6,2021,2.5,0,26,0.405,2810,0.9009,0.9238,810,0.01804018,0.615194858,13,0.2969247,0.716407823,0,0,0.96,24.2,0.25,0.0025,0.00798120999999999,0.0079
8,09-06-2021,egeremet,24,81,egeremet81,1,5.273664512,24.41601749,0.732741293,0.904362179,47697.8,1.132299859,2,3.81135,0.01048121,387250.2,387.2502,16921.96,16.92196,9,6,2021,2.5,0,26,0.405,2810,0.9009,0.9238,810,3.412874129,0.707482704,14,1.8274594,0.827694442,0,0,4.7,24.2,0.25,0.0025,0.00798120999999999,0.0079
8,09-06-2021,eurytheme,24,81,eurytheme81,1,0.05887035,0,0.756006491,0.822890085,47697.8,1.132299859,2,3.81135,0.01048121,387250.2,387.2502,16921.96,16.92196,9,6,2021,2.5,0,26,0.405,2810,0.9009,0.9238,810,0,0.746162787,15,9.21e-4,0.793011357,0,0,0.06,24.2,0.25,0.0025,0.00798120999999999,0.0079
8,09-06-2021,henrici,24,81,henrici81,1,16.11971217,71.50908842,0.927092939,1.066851539,25047.525,1.132299859,2,3.81135,0.01048121,387250.2,387.2502,16921.96,16.92196,9,6,2021,2.5,0,26,0.405,2810,0.9009,0.9238,810,52.20718874,0.906523734,16,11.0679799,1.004417555,0,0,17.23,24.2,0.25,0.0025,0.00798120999999999,0.0079
8,09-06-2021,lineola,24,81,lineola81,1,8.347763729,39.84747847,0.81248011,0.9619079,46909.74,1.132299859,2,3.81135,0.01048121,387250.2,387.2502,16921.96,16.92196,9,6,2021,2.5,0,26,0.405,2810,0.9009,0.9238,810,7.976493098,0.790487827,17,2.7582671,0.895154425,0,0,8.26,24.2,0.25,0.0025,0.00798120999999999,0.0079
8,09-06-2021,lucia,24,81,lucia81,1,12.18148874,55.18655187,0.92988548,1.022208778,47697.8,1.132299859,2,3.81135,0.01048121,387250.2,387.2502,16921.96,16.92196,9,6,2021,2.5,0,26,0.405,2810,0.9009,0.9238,810,28.50129835,0.916297645,18,0.8221785,0.980965439,0,0,12.56,24.2,0.25,0.0025,0.00798120999999999,0.0079
8,09-06-2021,lucilius,24,81,lucilius81,1,2.357103673,9.208145415,0.737166131,0.866778627,25047.525,1.132299859,2,3.81135,0.01048121,387250.2,387.2502,16921.96,16.92196,9,6,2021,2.5,0,26,0.405,2810,0.9009,0.9238,810,0.369550362,0.718090197,19,6.2332229,0.808877185,0,0,1.76,24.2,0.25,0.0025,0.00798120999999999,0.0079
8,09-06-2021,lygdamus,24,81,lygdamus81,1,1.324960556,2.773814405,0.830173881,0.899860961,47697.8,1.132299859,2,3.81135,0.01048121,387250.2,387.2502,16921.96,16.92196,9,6,2021,2.5,0,26,0.405,2810,0.9009,0.9238,810,0.026786935,0.819917569,20,0.367267,0.868729839,0,0,1.05,24.2,0.25,0.0025,0.00798120999999999,0.0079
8,09-06-2021,origenes,24,81,origenes81,1,1.985611463,6.82137488,0.743307574,0.862657653,47697.8,1.132299859,2,3.81135,0.01048121,387250.2,387.2502,16921.96,16.92196,9,6,2021,2.5,0,26,0.405,2810,0.9009,0.9238,810,0.173295066,0.725742027,21,0.6634835,0.809340713,0,0,1.49,24.2,0.25,0.0025,0.00798120999999999,0.0079
8,09-06-2021,pegala,24,81,pegala81,1,0.619649384,0.208282083,0.798463163,0.868416115,47697.8,1.132299859,2,3.81135,0.01048121,387250.2,387.2502,16921.96,16.92196,9,6,2021,2.5,0,26,0.405,2810,0.9009,0.9238,810,0.001093344,0.788167721,22,0.085945,0.837166221,0,0,0.6,24.2,0.25,0.0025,0.00798120999999999,0.0079
8,09-06-2021,philodice,24,81,philodice81,1,0.821541166,0.617192839,0.808957735,0.879251923,47697.8,1.132299859,2,3.81135,0.01048121,387250.2,387.2502,16921.96,16.92196,9,6,2021,2.5,0,26,0.405,2810,0.9009,0.9238,810,0.004920049,0.798612071,23,0.1576328,0.847849589,0,0,0.75,24.2,0.25,0.0025,0.00798120999999999,0.0079
8,09-06-2021,plexippus,24,81,plexippus81,1,1.113013133,1.696870302,0.81462702,0.887470272,46909.74,1.132299859,2,3.81135,0.01048121,387250.2,387.2502,16921.96,16.92196,9,6,2021,2.5,0,26,0.405,2810,0.9009,0.9238,810,0.013666803,0.803906194,24,0.2737212,0.854929202,0,0,0.93,24.2,0.25,0.0025,0.00798120999999999,0.0079
8,09-06-2021,polios,24,81,polios81,1,25.35239593,86.81809485,0.97324238,1.099946064,46909.74,1.132299859,2,3.81135,0.01048121,387250.2,387.2502,16921.96,16.92196,9,6,2021,2.5,0,26,0.405,2810,0.9009,0.9238,810,78.96460298,0.954594555,25,21.6694347,1.043344068,0,0,28.1,24.2,0.25,0.0025,0.00798120999999999,0.0079
8,09-06-2021,progne,24,81,progne81,1,8.47900637,40.47615143,0.877116293,0.976075791,29936.035,1.132299859,2,3.81135,0.01048121,387250.2,387.2502,16921.96,16.92196,9,6,2021,2.5,0,26,0.405,2810,0.9009,0.9238,810,8.221402214,0.862551765,26,2.8051226,0.931867881,0,0,8.41,24.2,0.25,0.0025,0.00798120999999999,0.0079
8,09-06-2021,rapae,24,81,rapae81,1,0.662067194,0.268416017,0.789877823,0.863850515,26945.355,1.132299859,2,3.81135,0.01048121,387250.2,387.2502,16921.96,16.92196,9,6,2021,2.5,0,26,0.405,2810,0.9009,0.9238,810,0.001093344,0.778990769,27,0.1008161,0.830804893,0,0,0.63,24.2,0.25,0.0025,0.00798120999999999,0.0079
8,09-06-2021,sassacus,24,81,sassacus81,1,11.31214788,50.86346863,0.861780632,1.02603328,47697.8,1.132299859,2,3.81135,0.01048121,387250.2,387.2502,16921.96,16.92196,9,6,2021,2.5,0,26,0.405,2810,0.9009,0.9238,810,22.17684844,0.837606449,28,5.1836122,0.952657119,0,0,11.56,24.2,0.25,0.0025,0.00798120999999999,0.0079
8,09-06-2021,selene,24,81,selene81,1,3.357262297,15.10127101,0.823666019,0.921659902,46909.74,1.132299859,2,3.81135,0.01048121,387250.2,387.2502,16921.96,16.92196,9,6,2021,2.5,0,26,0.405,2810,0.9009,0.9238,810,1.251332513,0.809243607,29,1.2226338,0.877883358,1,1,2.64,24.2,0.25,0.0025,0.00798120999999999,0.0079
8,09-06-2021,tharos,24,81,tharos81,1,0.737295665,0.4100041,0.778989092,0.858541306,47697.8,1.132299859,2,3.81135,0.01048121,387250.2,387.2502,16921.96,16.92196,9,6,2021,2.5,0,26,0.405,2810,0.9009,0.9238,810,0.002733361,0.767280863,30,0.127277,0.823003159,1,1,0.69,24.2,0.25,0.0025,0.00798120999999999,0.0079
8,09-06-2021,themistocles,24,81,themistocles81,1,0.497046096,0.087467541,0.729809489,0.819587251,47697.8,1.132299859,2,3.81135,0.01048121,387250.2,387.2502,16921.96,16.92196,9,6,2021,2.5,0,26,0.405,2810,0.9009,0.9238,810,0,0.716596298,31,0.0485787,0.779481073,0,0,0.5,24.2,0.25,0.0025,0.00798120999999999,0.0079
8,09-06-2021,tullia,24,81,tullia81,1,0.697096705,0.330189969,0.780559731,0.858665915,46909.74,1.132299859,2,3.81135,0.01048121,387250.2,387.2502,16921.96,16.92196,9,6,2021,2.5,0,26,0.405,2810,0.9009,0.9238,810,0.002733361,0.769064292,32,0.1129489,0.823773716,4,1,0.66,24.2,0.25,0.0025,0.00798120999999999,0.0079
8,09-06-2021,vestris,24,81,vestris81,1,0.767438984,0.478884789,0.764146335,0.849728738,47697.8,1.132299859,2,3.81135,0.01048121,387250.2,387.2502,16921.96,16.92196,9,6,2021,2.5,0,26,0.405,2810,0.9009,0.9238,810,0.003280033,0.751550603,33,0.1382769,0.811496741,0,0,0.71,24.2,0.25,0.0025,0.00798120999999999,0.0079
8,16-08-2021,antiopa,92,82,antiopa82,1,3.578111146,2.132487084,0.825074981,0.857953423,47697.8,2.371622324,4,7.6227,0.007698697,387250.2,387.2502,16921.96,16.92196,16,8,2021,2.5,0.1,27.9,0.371,2545,0.8954,0.9407,810,4.948535443,0.822557965,1,1.3479407,0.89170628,0,0,1.36,4.56,0.03,3e-4,0.007398697,0.0071
8,16-08-2021,aphrodite,92,82,aphrodite82,1,5.695004784,5.926811694,0.848965732,0.88647344,47697.8,2.371622324,4,7.6227,0.007698697,387250.2,387.2502,16921.96,16.92196,16,8,2021,2.5,0.1,27.9,0.371,2545,0.8954,0.9407,810,13.00558304,0.846094355,2,3.148581,0.924978713,0,0,2.91,4.56,0.03,3e-4,0.007398697,0.0071
8,16-08-2021,archippus,92,82,archippus82,1,1.064262719,0.140530541,0.750654929,0.785317397,46909.74,2.371622324,4,7.6227,0.007698697,387250.2,387.2502,16921.96,16.92196,16,8,2021,2.5,0.1,27.9,0.371,2545,0.8954,0.9407,810,0.113248485,0.748001336,3,0.1447548,0.820901728,0,0,0,4.56,0.03,3e-4,0.007398697,0.0071
8,16-08-2021,atalanta,92,82,atalanta82,1,2.759182225,1.282149555,0.78088292,0.818542943,47697.8,2.371622324,4,7.6227,0.007698697,387250.2,387.2502,16921.96,16.92196,16,8,2021,2.5,0.1,27.9,0.371,2545,0.8954,0.9407,810,2.407324108,0.777999848,4,0.8441364,0.857204549,0,0,0.99,4.56,0.03,3e-4,0.007398697,0.0071
8,16-08-2021,augustinus,92,82,augustinus82,1,11.21506227,25.67518537,0.885311938,0.936810534,26945.355,2.371622324,4,7.6227,0.007698697,387250.2,387.2502,16921.96,16.92196,16,8,2021,2.5,0.1,27.9,0.371,2545,0.8954,0.9407,810,32.67959675,0.881369452,5,7.8854202,0.989678755,0,0,8.14,4.56,0.03,3e-4,0.007398697,0.0071
8,16-08-2021,baptisiae,92,82,baptisiae82,1,4.721006091,3.689054459,0.732448391,0.790984663,29936.035,2.371622324,4,7.6227,0.007698697,387250.2,387.2502,16921.96,16.92196,16,8,2021,2.5,0.1,27.9,0.371,2545,0.8954,0.9407,810,9.538803482,0.727967134,6,2.3437921,0.851077731,0,0,2.1,4.56,0.03,3e-4,0.007398697,0.0071
8,16-08-2021,bellona,92,82,bellona82,1,6.473332138,9.062942352,0.854736147,0.894051968,46909.74,2.371622324,4,7.6227,0.007698697,387250.2,387.2502,16921.96,16.92196,16,8,2021,2.5,0.1,27.9,0.371,2545,0.8954,0.9407,810,15.09803403,0.851726316,7,3.6856191,0.934413409,0,0,3.61,4.56,0.03,3e-4,0.007398697,0.0071
8,16-08-2021,bimacula,92,82,bimacula82,1,5.822515654,6.365266982,0.69490814,0.771856679,46909.74,2.371622324,4,7.6227,0.007698697,387250.2,387.2502,16921.96,16.92196,16,8,2021,2.5,0.1,27.9,0.371,2545,0.8954,0.9407,810,13.37708041,0.689017328,8,3.2460875,0.850851694,0,0,3.02,4.56,0.03,3e-4,0.007398697,0.0071
8,16-08-2021,cocyta,92,82,cocyta82,1,15.42599353,36.80264913,0.922682246,0.976966165,47697.8,2.371622324,4,7.6227,0.007698697,387250.2,387.2502,16921.96,16.92196,16,8,2021,2.5,0.1,27.9,0.371,2545,0.8954,0.9407,810,58.78654777,0.918526529,9,13.5177512,1.032693786,0,0,12.25,4.56,0.03,3e-4,0.007398697,0.0071
8,16-08-2021,comyntas,92,82,comyntas82,1,2.792384588,1.316898925,0.76860642,0.808535607,47697.8,2.371622324,4,7.6227,0.007698697,387250.2,387.2502,16921.96,16.92196,16,8,2021,2.5,0.1,27.9,0.371,2545,0.8954,0.9407,810,2.503109041,0.765549632,10,0.8626971,0.849526727,2,1,1.01,4.56,0.03,3e-4,0.007398697,0.0071
8,16-08-2021,cybele,92,82,cybele82,1,3.967227794,2.600581541,0.807561505,0.845451976,47697.8,2.371622324,4,7.6227,0.007698697,387250.2,387.2502,16921.96,16.92196,16,8,2021,2.5,0.1,27.9,0.371,2545,0.8954,0.9407,810,6.365199905,0.804660791,11,1.6460095,0.884350159,1,1,1.58,4.56,0.03,3e-4,0.007398697,0.0071
8,16-08-2021,cymela,92,82,cymela82,1,4.223754457,2.979247472,0.746667428,0.798298459,25047.525,2.371622324,4,7.6227,0.007698697,387250.2,387.2502,16921.96,16.92196,16,8,2021,2.5,0.1,27.9,0.371,2545,0.8954,0.9407,810,7.410896198,0.742714804,12,1.87504,0.851302636,0,0,1.74,4.56,0.03,3e-4,0.007398697,0.0071
8,16-08-2021,dion,92,82,dion82,1,3.310517029,1.862668445,0.6323415,0.699519829,75685.5,2.371622324,4,7.6227,0.007698697,387250.2,387.2502,16921.96,16.92196,16,8,2021,2.5,0.1,27.9,0.371,2545,0.8954,0.9407,810,4.089646231,0.627198648,13,1.1776963,0.768484793,0,0,1.23,4.56,0.03,3e-4,0.007398697,0.0071
8,16-08-2021,egeremet,92,82,egeremet82,1,7.344807953,13.43471973,0.727847957,0.807636389,47697.8,2.371622324,4,7.6227,0.007698697,387250.2,387.2502,16921.96,16.92196,16,8,2021,2.5,0.1,27.9,0.371,2545,0.8954,0.9407,810,17.13491916,0.721739736,14,4.2570195,0.889546825,0,0,4.44,4.56,0.03,3e-4,0.007398697,0.0071
8,16-08-2021,eurytheme,92,82,eurytheme82,1,0.487500988,0.006132242,0.754099474,0.785194391,47697.8,2.371622324,4,7.6227,0.007698697,387250.2,387.2502,16921.96,16.92196,16,8,2021,2.5,0.1,27.9,0.371,2545,0.8954,0.9407,810,0.007937978,0.751718996,15,0.0399432,0.817116288,0,0,0.2,4.56,0.03,3e-4,0.007398697,0.0071
8,16-08-2021,henrici,92,82,henrici82,1,17.38487026,41.79838211,0.923108075,0.988083381,25047.525,2.371622324,4,7.6227,0.007698697,387250.2,387.2502,16921.96,16.92196,16,8,2021,2.5,0.1,27.9,0.371,2545,0.8954,0.9407,810,68.777816,0.918133876,16,16.4597816,1.054786731,0,0,14.21,4.56,0.03,3e-4,0.007398697,0.0071
8,16-08-2021,lineola,92,82,lineola82,1,9.426273196,22.39699111,0.808219553,0.877690171,46909.74,2.371622324,4,7.6227,0.007698697,387250.2,387.2502,16921.96,16.92196,16,8,2021,2.5,0.1,27.9,0.371,2545,0.8954,0.9407,810,23.50117747,0.802901215,17,5.9353535,0.949008388,0,0,6.44,4.56,0.03,3e-4,0.007398697,0.0071
8,16-08-2021,lucia,92,82,lucia82,1,13.69012758,31.61681665,0.927253114,0.970175228,47697.8,2.371622324,4,7.6227,0.007698697,387250.2,387.2502,16921.96,16.92196,16,8,2021,2.5,0.1,27.9,0.371,2545,0.8954,0.9407,810,48.44336253,0.923967202,18,2.5622568,1.014238871,0,0,10.52,4.56,0.03,3e-4,0.007398697,0.0071
8,16-08-2021,lucilius,92,82,lucilius82,1,4.957435762,4.10144772,0.733470558,0.793728829,25047.525,2.371622324,4,7.6227,0.007698697,387250.2,387.2502,16921.96,16.92196,16,8,2021,2.5,0.1,27.9,0.371,2545,0.8954,0.9407,810,10.49559442,0.728857473,19,11.0942295,0.855589692,0,0,2.29,4.56,0.03,3e-4,0.007398697,0.0071
8,16-08-2021,lygdamus,92,82,lygdamus82,1,3.608805304,2.157527071,0.82818693,0.860585218,47697.8,2.371622324,4,7.6227,0.007698697,387250.2,387.2502,16921.96,16.92196,16,8,2021,2.5,0.1,27.9,0.371,2545,0.8954,0.9407,810,5.038499193,0.825706672,20,1.3675988,0.893845151,0,0,1.38,4.56,0.03,3e-4,0.007398697,0.0071
8,16-08-2021,origenes,92,82,origenes82,1,4.548096711,3.414125619,0.739904607,0.795391768,47697.8,2.371622324,4,7.6227,0.007698697,387250.2,387.2502,16921.96,16.92196,16,8,2021,2.5,0.1,27.9,0.371,2545,0.8954,0.9407,810,8.809038711,0.735656776,21,2.1792225,0.852354632,0,0,1.97,4.56,0.03,3e-4,0.007398697,0.0071
8,16-08-2021,pegala,92,82,pegala82,1,2.17480182,0.760397982,0.796468631,0.828990525,47697.8,2.371622324,4,7.6227,0.007698697,387250.2,387.2502,16921.96,16.92196,16,8,2021,2.5,0.1,27.9,0.371,2545,0.8954,0.9407,810,1.028232742,0.79397891,22,0.5223337,0.862377352,0,0,0.76,4.56,0.03,3e-4,0.007398697,0.0071
8,16-08-2021,philodice,92,82,philodice82,1,2.636029361,1.157460639,0.806953474,0.839634013,47697.8,2.371622324,4,7.6227,0.007698697,387250.2,387.2502,16921.96,16.92196,16,8,2021,2.5,0.1,27.9,0.371,2545,0.8954,0.9407,810,2.031593152,0.804451608,23,0.7688589,0.873183703,3,1,0.94,4.56,0.03,3e-4,0.007398697,0.0071
8,16-08-2021,plexippus,92,82,plexippus82,1,3.201974459,1.74462279,0.812550079,0.846415705,46909.74,2.371622324,4,7.6227,0.007698697,387250.2,387.2502,16921.96,16.92196,16,8,2021,2.5,0.1,27.9,0.371,2545,0.8954,0.9407,810,3.749900775,0.809957489,24,1.1094731,0.881182002,0,0,1.19,4.56,0.03,3e-4,0.007398697,0.0071
8,16-08-2021,polios,92,82,polios82,1,25.94741172,54.98883421,0.969629745,1.028535676,46909.74,2.371622324,4,7.6227,0.007698697,387250.2,387.2502,16921.96,16.92196,16,8,2021,2.5,0.1,27.9,0.371,2545,0.8954,0.9407,810,89.87325695,0.965120188,25,28.8339481,1.089008234,0,0,22.89,4.56,0.03,3e-4,0.007398697,0.0071
8,16-08-2021,progne,92,82,progne82,1,9.513527376,22.61059754,0.874294713,0.920302069,29936.035,2.371622324,4,7.6227,0.007698697,387250.2,387.2502,16921.96,16.92196,16,8,2021,2.5,0.1,27.9,0.371,2545,0.8954,0.9407,810,23.86685365,0.87077261,26,6.0227331,0.967533008,0,0,6.52,4.56,0.03,3e-4,0.007398697,0.0071
8,16-08-2021,rapae,92,82,rapae82,1,2.285633127,0.841139166,0.787768679,0.822159394,26945.355,2.371622324,4,7.6227,0.007698697,387250.2,387.2502,16921.96,16.92196,16,8,2021,2.5,0.1,27.9,0.371,2545,0.8954,0.9407,810,1.216098219,0.78513589,27,0.5770753,0.857464744,1,1,0.8,4.56,0.03,3e-4,0.007398697,0.0071
8,16-08-2021,sassacus,92,82,sassacus82,1,12.72757257,29.06069386,0.857097382,0.93346024,47697.8,2.371622324,4,7.6227,0.007698697,387250.2,387.2502,16921.96,16.92196,16,8,2021,2.5,0.1,27.9,0.371,2545,0.8954,0.9407,810,42.61794512,0.851251382,28,9.8314737,1.011853978,0,0,9.59,4.56,0.03,3e-4,0.007398697,0.0071
8,16-08-2021,selene,92,82,selene82,1,5.895128188,6.637129702,0.820871971,0.866430402,46909.74,2.371622324,4,7.6227,0.007698697,387250.2,387.2502,16921.96,16.92196,16,8,2021,2.5,0.1,27.9,0.371,2545,0.8954,0.9407,810,13.58240944,0.817384235,29,3.2978192,0.913200477,9,1,3.09,4.56,0.03,3e-4,0.007398697,0.0071
8,16-08-2021,tharos,92,82,tharos82,1,2.460611776,1.002110513,0.776720861,0.813705558,47697.8,2.371622324,4,7.6227,0.007698697,387250.2,387.2502,16921.96,16.92196,16,8,2021,2.5,0.1,27.9,0.371,2545,0.8954,0.9407,810,1.588653984,0.77388949,30,0.6688129,0.851673877,0,0,0.87,4.56,0.03,3e-4,0.007398697,0.0071
8,16-08-2021,themistocles,92,82,themistocles82,1,1.82211685,0.516641371,0.727249703,0.768988369,47697.8,2.371622324,4,7.6227,0.007698697,387250.2,387.2502,16921.96,16.92196,16,8,2021,2.5,0.1,27.9,0.371,2545,0.8954,0.9407,810,0.558304448,0.72405439,31,0.3752275,0.811837091,0,0,0.63,4.56,0.03,3e-4,0.007398697,0.0071
8,16-08-2021,tullia,92,82,tullia82,1,2.373483006,0.915237088,0.77833273,0.814645152,46909.74,2.371622324,4,7.6227,0.007698697,387250.2,387.2502,16921.96,16.92196,16,8,2021,2.5,0.1,27.9,0.371,2545,0.8954,0.9407,810,1.395496521,0.775552793,32,0.6214078,0.851923285,10,1,0.84,4.56,0.03,3e-4,0.007398697,0.0071
8,16-08-2021,vestris,92,82,vestris82,1,2.525072644,1.05832273,0.761706169,0.801494366,47697.8,2.371622324,4,7.6227,0.007698697,387250.2,387.2502,16921.96,16.92196,16,8,2021,2.5,0.1,27.9,0.371,2545,0.8954,0.9407,810,1.744238351,0.758660175,33,0.7040845,0.842340747,0,0,0.9,4.56,0.03,3e-4,0.007398697,0.0071
9,09-06-2021,antiopa,24,91,antiopa91,1,0.324507995,0.592927817,0.806628529,0.811449764,51752.35,1,1,20.27277,0.005473649,434039.42,434.03942,28384.41,28.38441,9,6,2021,3.5,0,31.2,0.395,3375,0.9312,0.9279,910,0.383936475,0.821716998,1,0.2134875,0.828905664,0,0,0,0,0,0,0.005473649,0.0055
9,09-06-2021,aphrodite,24,91,aphrodite91,1,0.692390822,1.349801223,0.827922029,0.833422091,51752.35,1,1,20.27277,0.005473649,434039.42,434.03942,28384.41,28.38441,9,6,2021,3.5,0,31.2,0.395,3375,0.9312,0.9279,910,1.123001095,0.845134981,2,0.6402889,0.853335807,0,0,0,0,0,0,0.005473649,0.0055
9,09-06-2021,archippus,24,91,archippus91,1,0.043331413,0.082758476,0.731207549,0.73629039,51179.118,1,1,20.27277,0.005473649,434039.42,434.03942,28384.41,28.38441,9,6,2021,3.5,0,31.2,0.395,3375,0.9312,0.9279,910,0.052378782,0.747114738,3,0.0250089,0.75469347,0,0,0,0,0,0,0.005473649,0.0055
9,09-06-2021,atalanta,24,91,atalanta91,1,0.22395133,0.429506016,0.759753761,0.765276158,51752.35,1,1,20.27277,0.005473649,434039.42,434.03942,28384.41,28.38441,9,6,2021,3.5,0,31.2,0.395,3375,0.9312,0.9279,910,0.263989063,0.777036578,4,0.1325993,0.785270707,0,0,0,0,0,0,0.005473649,0.0055
9,09-06-2021,augustinus,24,91,augustinus91,1,1.946440116,3.957740798,0.856418647,0.863970307,28507.398,1,1,20.27277,0.005473649,434039.42,434.03942,28384.41,28.38441,9,6,2021,3.5,0,31.2,0.395,3375,0.9312,0.9279,910,4.663806785,0.880052218,5,2.5186058,0.891312064,0,0,0,0,0,0,0.005473649,0.0055
9,09-06-2021,baptisiae,24,91,baptisiae91,1,0.512074832,0.984721109,0.699606611,0.708190263,31768.128,1,1,20.27277,0.005473649,434039.42,434.03942,28384.41,28.38441,9,6,2021,3.5,0,31.2,0.395,3375,0.9312,0.9279,910,0.705542199,0.72646989,6,0.4065251,0.73926848,0,0,0,0,0,0,0.005473649,0.0055
9,09-06-2021,bellona,24,91,bellona91,1,0.818390581,1.601219378,0.83267800300000006,0.838443203,51179.118,1,1,20.27277,0.005473649,434039.42,434.03942,28384.41,28.38441,9,6,2021,3.5,0,31.2,0.395,3375,0.9312,0.9279,910,1.434131062,0.850720693,7,0.8254678,0.859316852,0,0,0,0,0,0,0.005473649,0.0055
9,09-06-2021,bimacula,24,91,bimacula91,1,0.715966931,1.389085309,0.651736157,0.66301975,51179.118,1,1,20.27277,0.005473649,434039.42,434.03942,28384.41,28.38441,9,6,2021,3.5,0,31.2,0.395,3375,0.9312,0.9279,910,1.1732847259999999,0.687049134,8,0.6698133,0.703873451,0,0,0,0,0,0,0.005473649,0.0055
9,09-06-2021,cocyta,24,91,cocyta91,1,3.457351773,7.441977404,0.892226249,0.900186344,51752.35,1,1,20.27277,0.005473649,434039.42,434.03942,28384.41,28.38441,9,6,2021,3.5,0,31.2,0.395,3375,0.9312,0.9279,910,10.89950083,0.917138052,9,6.5110875,0.929006891,0,0,0,0,0,0,0.005473649,0.0055
9,09-06-2021,comyntas,24,91,comyntas91,1,0.227685299,0.434743894,0.746204146,0.752059289,51752.35,1,1,20.27277,0.005473649,434039.42,434.03942,28384.41,28.38441,9,6,2021,3.5,0,31.2,0.395,3375,0.9312,0.9279,910,0.269226942,0.764528321,10,0.1360294,0.773258588,0,0,0,0,0,0,0.005473649,0.0055
9,09-06-2021,cybele,24,91,cybele91,1,0.380213609,0.699256745,0.786303053,0.791859243,51752.35,1,1,20.27277,0.005473649,434039.42,434.03942,28384.41,28.38441,9,6,2021,3.5,0,31.2,0.395,3375,0.9312,0.9279,910,0.454647831,0.803691627,11,0.264504,0.811976142,0,0,0,0,0,0,0.005473649,0.0055
9,09-06-2021,cymela,24,91,cymela91,1,0.420809672,0.774158404,0.717699835,0.725270915,28510.39096,1,1,20.27277,0.005473649,434039.42,434.03942,28384.41,28.38441,9,6,2021,3.5,0,31.2,0.395,3375,0.9312,0.9279,910,0.531120854,0.741394183,12,0.3070973,0.752682984,0,0,0,0,0,0,0.005473649,0.0055
9,09-06-2021,dion,24,91,dion91,1,0.292595582,0.537930095,0.594651093,0.604502001,81211.278,1,1,20.27277,0.005473649,434039.42,434.03942,28384.41,28.38441,9,6,2021,3.5,0,31.2,0.395,3375,0.9312,0.9279,910,0.344652388,0.625480357,13,0.1870024,0.640168479,0,0,0,0,0,0,0.005473649,0.0055
9,09-06-2021,egeremet,24,91,egeremet91,1,0.944042994,1.840066626,0.683082652,0.694782681,51752.35,1,1,20.27277,0.005473649,434039.42,434.03942,28384.41,28.38441,9,6,2021,3.5,0,31.2,0.395,3375,0.9312,0.9279,910,1.77406936,0.719698904,14,1.0171593,0.737144145,0,0,0,0,0,0,0.005473649,0.0055
9,09-06-2021,eurytheme,24,91,eurytheme91,1,0.010897981,0.021999089,0.73665367,0.741213371,51752.35,1,1,20.27277,0.005473649,434039.42,434.03942,28384.41,28.38441,9,6,2021,3.5,0,31.2,0.395,3375,0.9312,0.9279,910,0.026713179,0.750923649,15,0.0076,0.757722358,0,0,0,0,0,0,0.005473649,0.0055
9,09-06-2021,henrici,24,91,henrici91,1,4.234364763,9.102908594,0.886653675,0.896181535,28510.39096,1,1,20.27277,0.005473649,434039.42,434.03942,28384.41,28.38441,9,6,2021,3.5,0,31.2,0.395,3375,0.9312,0.9279,910,14.28264639,0.916471934,16,10.204678,0.93067837899999994,0,0,0,0,0,0,0.005473649,0.0055
9,09-06-2021,lineola,24,91,lineola91,1,1.382523894,2.731553502,0.769243058,0.779430102,51179.118,1,1,20.27277,0.005473649,434039.42,434.03942,28384.41,28.38441,9,6,2021,3.5,0,31.2,0.395,3375,0.9312,0.9279,910,2.870357276,0.801124292,17,1.648808,0.816313608,0,0,0,0,0,0,0.005473649,0.0055
9,09-06-2021,lucia,24,91,lucia91,1,2.796048418,5.988466192,0.903171659,0.90946568,51752.35,1,1,20.27277,0.005473649,434039.42,434.03942,28384.41,28.38441,9,6,2021,3.5,0,31.2,0.395,3375,0.9312,0.9279,910,8.028619767,0.922869338,18,0.4593217,0.93225399,0,0,0,0,0,0,0.005473649,0.0055
9,09-06-2021,lucilius,24,91,lucilius91,1,0.558185013,1.082669432,0.699662651,0.708498814,28510.39096,1,1,20.27277,0.005473649,434039.42,434.03942,28384.41,28.38441,9,6,2021,3.5,0,31.2,0.395,3375,0.9312,0.9279,910,0.798252644,0.727316184,19,4.2761765,0.740491278,0,0,0,0,0,0,0.005473649,0.0055
9,09-06-2021,lygdamus,24,91,lygdamus91,1,0.328762984,0.599737059,0.810009868,0.814760694,51752.35,1,1,20.27277,0.005473649,434039.42,434.03942,28384.41,28.38441,9,6,2021,3.5,0,31.2,0.395,3375,0.9312,0.9279,910,0.388650565,0.824877987,20,0.2164834,0.83196167,0,0,0,0,0,0,0.005473649,0.0055
9,09-06-2021,origenes,24,91,origenes91,1,0.477730997,0.912438389,0.708773532,0.716910068,51752.35,1,1,20.27277,0.005473649,434039.42,434.03942,28384.41,28.38441,9,6,2021,3.5,0,31.2,0.395,3375,0.9312,0.9279,910,0.63797357,0.734237522,21,0.3685775,0.746369443,0,0,0,0,0,0,0.005473649,0.0055
9,09-06-2021,pegala,24,91,pegala91,1,0.151095508,0.283893001,0.77822222,0.782991171,51752.35,1,1,20.27277,0.005473649,434039.42,434.03942,28384.41,28.38441,9,6,2021,3.5,0,31.2,0.395,3375,0.9312,0.9279,910,0.165516952,0.793147064,22,0.0818868,0.800257773,0,0,0,0,0,0,0.005473649,0.0055
9,09-06-2021,philodice,24,91,philodice91,1,0.209102289,0.401221473,0.788618055,0.79341027,51752.35,1,1,20.27277,0.005473649,434039.42,434.03942,28384.41,28.38441,9,6,2021,3.5,0,31.2,0.395,3375,0.9312,0.9279,910,0.242513763,0.803615703,23,0.1201817,0.810761099,0,0,0,0,0,0,0.005473649,0.0055
9,09-06-2021,plexippus,24,91,plexippus91,1,0.279787198,0.519597521,0.793549767,0.79851576,51179.118,1,1,20.27277,0.005473649,434039.42,434.03942,28384.41,28.38441,9,6,2021,3.5,0,31.2,0.395,3375,0.9312,0.9279,910,0.324748451,0.809091272,24,0.1748887,0.816495779,0,0,0,0,0,0,0.005473649,0.0055
9,09-06-2021,polios,24,91,polios91,1,10.50465465,16.20861421,0.936580568,0.945218426,51179.118,1,1,20.27277,0.005473649,434039.42,434.03942,28384.41,28.38441,9,6,2021,3.5,0,31.2,0.395,3375,0.9312,0.9279,910,28.23163993,0.963613489,25,33.0808417,0.976492903,0,0,0,0,0,0,0.005473649,0.0055
9,09-06-2021,progne,24,91,progne91,1,1.407619642,2.771885165,0.848482283,0.855228717,31768.128,1,1,20.27277,0.005473649,434039.42,434.03942,28384.41,28.38441,9,6,2021,3.5,0,31.2,0.395,3375,0.9312,0.9279,910,2.933211815,0.869595831,26,1.6834992,0.879655052,0,0,0,0,0,0,0.005473649,0.0055
9,09-06-2021,rapae,24,91,rapae91,1,0.165466948,0.31532027,0.768473765,0.773516757,28507.398,1,1,20.27277,0.005473649,434039.42,434.03942,28384.41,28.38441,9,6,2021,3.5,0,31.2,0.395,3375,0.9312,0.9279,910,0.177564072,0.784256242,27,0.0897455,0.791775557,0,0,0,0,0,0,0.005473649,0.0055
9,09-06-2021,sassacus,24,91,sassacus91,1,2.462162081,5.214831576,0.814253996,0.825451705,51752.35,1,1,20.27277,0.005473649,434039.42,434.03942,28384.41,28.38441,9,6,2021,3.5,0,31.2,0.395,3375,0.9312,0.9279,910,6.705531723,0.849298168,28,3.4987728,0.865994429,0,0,0,0,0,0,0.005473649,0.0055
9,09-06-2021,selene,24,91,selene91,1,0.727299094,1.414227125,0.79531141,0.801992015,51179.118,1,1,20.27277,0.005473649,434039.42,434.03942,28384.41,28.38441,9,6,2021,3.5,0,31.2,0.395,3375,0.9312,0.9279,910,1.204711995,0.816218939,29,0.6877451,0.826180005,0,0,0,0,0,0,0.005473649,0.0055
9,09-06-2021,tharos,24,91,tharos91,1,0.187870765,0.362984962,0.755970595,0.761393963,51752.35,1,1,20.27277,0.005473649,434039.42,434.03942,28384.41,28.38441,9,6,2021,3.5,0,31.2,0.395,3375,0.9312,0.9279,910,0.211610281,0.772943493,30,0.1047248,0.781029966,0,0,0,0,0,0,0.005473649,0.0055
9,09-06-2021,themistocles,24,91,themistocles91,1,0.111411228,0.213705432,0.703832221,0.709952702,51752.35,1,1,20.27277,0.005473649,434039.42,434.03942,28384.41,28.38441,9,6,2021,3.5,0,31.2,0.395,3375,0.9312,0.9279,910,0.121518775,0.722986796,31,0.0588751,0.732112694,1,1,0,0,0,0,0.005473649,0.0055
9,09-06-2021,tullia,24,91,tullia91,1,0.176278092,0.3441286,0.757959643,0.76328443,51179.118,1,1,20.27277,0.005473649,434039.42,434.03942,28384.41,28.38441,9,6,2021,3.5,0,31.2,0.395,3375,0.9312,0.9279,910,0.194325283,0.774623992,32,0.09717,0.782563475,0,0,0,0,0,0,0.005473649,0.0055
9,09-06-2021,vestris,24,91,vestris91,1,0.194861103,0.376603445,0.739382998,0.745217467,51752.35,1,1,20.27277,0.005473649,434039.42,434.03942,28384.41,28.38441,9,6,2021,3.5,0,31.2,0.395,3375,0.9312,0.9279,910,0.22156225,0.757642471,33,0.1096745,0.766341911,0,0,0,0,0,0,0.005473649,0.0055
9,20-08-2021,antiopa,96,92,antiopa92,1,1.359673391,0.454311765,0.904745383,0.897738808,51752.35,2.525215021,7,141.90939,0.004632832,434039.42,434.03942,28384.41,28.38441,20,8,2021,1.4,0.1,32,0.498,1421,0.93,0.923,910,3.484264777,0.939438805,1,2.4487069,0.954220849,0,0,0,0,0,0,0.004632832,0.0047
9,20-08-2021,aphrodite,96,92,aphrodite92,1,6.308625578,2.286772498,0.939853683,0.931860586,51752.35,2.525215021,7,141.90939,0.004632832,434039.42,434.03942,28384.41,28.38441,20,8,2021,1.4,0.1,32,0.498,1421,0.93,0.923,910,36.4574834,0.979431955,2,32.594026,0.996295306,5,1,0,0,0,0,0.004632832,0.0047
9,20-08-2021,archippus,96,92,archippus92,1,0.244390203,0.06452696,0.834648349,0.827261589,51179.118,2.525215021,7,141.90939,0.004632832,434039.42,434.03942,28384.41,28.38441,20,8,2021,1.4,0.1,32,0.498,1421,0.93,0.923,910,0.895983309,0.871224281,3,0.4475598,0.886808418,0,0,0,0,0,0,0.004632832,0.0047
9,20-08-2021,atalanta,96,92,atalanta92,1,0.687448601,0.301125812,0.872139956,0.8641144,51752.35,2.525215021,7,141.90939,0.004632832,434039.42,434.03942,28384.41,28.38441,20,8,2021,1.4,0.1,32,0.498,1421,0.93,0.923,910,2.131768934,0.911878916,4,1.1796177,0.928810744,0,0,0,0,0,0,0.004632832,0.0047
9,20-08-2021,augustinus,96,92,augustinus92,1,56.38879082,41.8040269,1.010102335,0.999127705,28507.398,2.525215021,7,141.90939,0.004632832,434039.42,434.03942,28384.41,28.38441,20,8,2021,1.4,0.1,32,0.498,1421,0.93,0.923,910,99.87709278,1.064443795,5,87.4927042,1.087597402,0,0,0,0,0,0,0.004632832,0.0047
9,20-08-2021,baptisiae,96,92,baptisiae92,1,3.890518045,1.059711045,0.87429235,0.861817951,31768.128,2.525215021,7,141.90939,0.004632832,434039.42,434.03942,28384.41,28.38441,20,8,2021,1.4,0.1,32,0.498,1421,0.93,0.923,910,11.61783084,0.936059985,6,13.6777084,0.962377709,0,0,0,0,0,0,0.004632832,0.0047
9,20-08-2021,bellona,96,92,bellona92,1,8.720967283,3.118803051,0.950005481,0.941627066,51179.118,2.525215021,7,141.90939,0.004632832,434039.42,434.03942,28384.41,28.38441,20,8,2021,1.4,0.1,32,0.498,1421,0.93,0.923,910,61.8336931,0.991491643,7,44.9419017,1.009167913,0,0,0,0,0,0,0.004632832,0.0047
9,20-08-2021,bimacula,96,92,bimacula92,1,6.631511972,2.444155326,0.881368345,0.864970193,51179.118,2.525215021,7,141.90939,0.004632832,434039.42,434.03942,28384.41,28.38441,20,8,2021,1.4,0.1,32,0.498,1421,0.93,0.923,910,41.00401772,0.962564654,8,35.0057102,0.997160475,0,0,0,0,0,0,0.004632832,0.0047
9,20-08-2021,cocyta,96,92,cocyta92,1,82.67798455,95.80732145,1.054221985,1.042653787,51752.35,2.525215021,7,141.90939,0.004632832,434039.42,434.03942,28384.41,28.38441,20,8,2021,1.4,0.1,32,0.498,1421,0.93,0.923,910,100,1.111502525,9,97.9030592,1.135908405,0,0,0,0,0,0,0.004632832,0.0047
9,20-08-2021,comyntas,96,92,comyntas92,1,0.706415142,0.306896516,0.865362051,0.856852924,51752.35,2.525215021,7,141.90939,0.004632832,434039.42,434.03942,28384.41,28.38441,20,8,2021,1.4,0.1,32,0.498,1421,0.93,0.923,910,2.17411512,0.907495439,10,1.2057157,0.925447477,1,1,0,0,0,0,0.004632832,0.0047
9,20-08-2021,cybele,96,92,cybele92,1,1.892203285,0.562905917,0.899376959,0.891302293,51752.35,2.525215021,7,141.90939,0.004632832,434039.42,434.03942,28384.41,28.38441,20,8,2021,1.4,0.1,32,0.498,1421,0.93,0.923,910,4.833662119,0.939359088,11,4.1762806,0.956394525,0,0,0,0,0,0,0.004632832,0.0047
9,20-08-2021,cymela,96,92,cymela92,1,2.415882126,0.685139913,0.871778739,0.860775885,28510.39096,2.525215021,7,141.90939,0.004632832,434039.42,434.03942,28384.41,28.38441,20,8,2021,1.4,0.1,32,0.498,1421,0.93,0.923,910,6.328172607,0.926259943,12,6.4213121,0.949473092,0,0,0,0,0,0,0.004632832,0.0047
9,20-08-2021,dion,96,92,dion92,1,1.087617327,0.391883243,0.795126724,0.780810656,81211.278,2.525215021,7,141.90939,0.004632832,434039.42,434.03942,28384.41,28.38441,20,8,2021,1.4,0.1,32,0.498,1421,0.93,0.923,910,2.937895704,0.866013481,13,1.850578,0.896216647,0,0,0,0,0,0,0.004632832,0.0047
9,20-08-2021,egeremet,96,92,egeremet92,1,13.58166183,4.06467385,0.921189736,0.904186387,51752.35,2.525215021,7,141.90939,0.004632832,434039.42,434.03942,28384.41,28.38441,20,8,2021,1.4,0.1,32,0.498,1421,0.93,0.923,910,79.47087925,1.005382708,14,53.4363326,1.041255336,0,0,0,0,0,0,0.004632832,0.0047
9,20-08-2021,eurytheme,96,92,eurytheme92,1,0.14793902,0.036198051,0.829448072,0.822821576,51752.35,2.525215021,7,141.90939,0.004632832,434039.42,434.03942,28384.41,28.38441,20,8,2021,1.4,0.1,32,0.498,1421,0.93,0.923,910,0.580969005,0.862259512,15,0.2696789,0.876239689,0,0,0,0,0,0,0.004632832,0.0047
9,20-08-2021,henrici,96,92,henrici92,1,88.77104907,99.07144131,1.080554975,1.066708384,28510.39096,2.525215021,7,141.90939,0.004632832,434039.42,434.03942,28384.41,28.38441,20,8,2021,1.4,0.1,32,0.498,1421,0.93,0.923,910,100,1.149117096,16,99.0091373,1.17832979,0,0,0,0,0,0,0.004632832,0.0047
9,20-08-2021,lineola,96,92,lineola92,1,35.00510326,10.55461709,0.976559407,0.96175484,51179.118,2.525215021,7,141.90939,0.004632832,434039.42,434.03942,28384.41,28.38441,20,8,2021,1.4,0.1,32,0.498,1421,0.93,0.923,910,98.10061867,1.049864993,17,73.1719542,1.081098765,0,0,0,0,0,0,0.004632832,0.0047
9,20-08-2021,lucia,96,92,lucia92,1,74.53658418,84.74016095,1.031261146,1.02211421,51752.35,2.525215021,7,141.90939,0.004632832,434039.42,434.03942,28384.41,28.38441,20,8,2021,1.4,0.1,32,0.498,1421,0.93,0.923,910,100,1.076552678,18,18.0005624,1.095850325,0,0,0,0,0,0,0.004632832,0.0047
9,20-08-2021,lucilius,96,92,lucilius92,1,4.613522587,1.343524746,0.87948723,0.866645864,28510.39096,2.525215021,7,141.90939,0.004632832,434039.42,434.03942,28384.41,28.38441,20,8,2021,1.4,0.1,32,0.498,1421,0.93,0.923,910,15.41091292,0.943071922,19,95.8266529,0.970163851,0,0,0,0,0,0,0.004632832,0.0047
9,20-08-2021,lygdamus,96,92,lygdamus92,1,1.395178756,0.461131687,0.906693832,0.89978958,51752.35,2.525215021,7,141.90939,0.004632832,434039.42,434.03942,28384.41,28.38441,20,8,2021,1.4,0.1,32,0.498,1421,0.93,0.923,910,3.557595976,0.940880594,20,2.5350932,0.955446762,0,0,0,0,0,0,0.004632832,0.0047
9,20-08-2021,origenes,96,92,origenes92,1,3.294816925,0.894459075,0.874360018,0.862535402,51752.35,2.525215021,7,141.90939,0.004632832,434039.42,434.03942,28384.41,28.38441,20,8,2021,1.4,0.1,32,0.498,1421,0.93,0.923,910,9.357474102,0.932910222,21,10.7519045,0.957857076,0,0,0,0,0,0,0.004632832,0.0047
9,20-08-2021,pegala,96,92,pegala92,1,0.467588457,0.194630098,0.875275054,0.868344461,51752.35,2.525215021,7,141.90939,0.004632832,434039.42,434.03942,28384.41,28.38441,20,8,2021,1.4,0.1,32,0.498,1421,0.93,0.923,910,1.571456605,0.909592246,22,0.8267389,0.924213988,0,0,0,0,0,0,0.004632832,0.0047
9,20-08-2021,philodice,96,92,philodice92,1,0.625491233,0.281715263,0.886144321,0.87917992,51752.35,2.525215021,7,141.90939,0.004632832,434039.42,434.03942,28384.41,28.38441,20,8,2021,1.4,0.1,32,0.498,1421,0.93,0.923,910,1.995951292,0.920628915,23,1.0846838,0.935321983,5,1,0,0,0,0,0.004632832,0.0047
9,20-08-2021,plexippus,96,92,plexippus92,1,0.993037509,0.369325038,0.894612608,0.887395659,51179.118,2.525215021,7,141.90939,0.004632832,434039.42,434.03942,28384.41,28.38441,20,8,2021,1.4,0.1,32,0.498,1421,0.93,0.923,910,2.74578862,0.93034771,24,1.6706235,0.945573589,0,0,0,0,0,0,0.004632832,0.0047
9,20-08-2021,polios,96,92,polios92,1,98.13020252,99.99895078,1.112369455,1.09981628,51179.118,2.525215021,7,141.90939,0.004632832,434039.42,434.03942,28384.41,28.38441,20,8,2021,1.4,0.1,32,0.498,1421,0.93,0.923,910,100,1.174527155,25,99.9339964,1.201011077,0,0,0,0,0,0,0.004632832,0.0047
9,20-08-2021,progne,96,92,progne92,1,36.20171498,11.31634998,0.985778844,0.975974426,31768.128,2.525215021,7,141.90939,0.004632832,434039.42,434.03942,28384.41,28.38441,20,8,2021,1.4,0.1,32,0.498,1421,0.93,0.923,910,98.29272575,1.034325932,26,74.0318213,1.055010694,0,0,0,0,0,0,0.004632832,0.0047
9,20-08-2021,rapae,96,92,rapae92,1,0.499401669,0.218762132,0.871103593,0.863774744,28507.398,2.525215021,7,141.90939,0.004632832,434039.42,434.03942,28384.41,28.38441,20,8,2021,1.4,0.1,32,0.498,1421,0.93,0.923,910,1.65718181,0.90739277,27,0.8779738,0.922854728,0,0,0,0,0,0,0.004632832,0.0047
9,20-08-2021,sassacus,96,92,sassacus92,1,68.72118982,72.82837927,1.042138376,1.025865035,51752.35,2.525215021,7,141.90939,0.004632832,434039.42,434.03942,28384.41,28.38441,20,8,2021,1.4,0.1,32,0.498,1421,0.93,0.923,910,100,1.122716647,28,93.830513,1.157049144,0,0,0,0,0,0,0.004632832,0.0047
9,20-08-2021,selene,96,92,selene92,1,6.823503945,2.529142054,0.931268276,0.921559527,51179.118,2.525215021,7,141.90939,0.004632832,434039.42,434.03942,28384.41,28.38441,20,8,2021,1.4,0.1,32,0.498,1421,0.93,0.923,910,43.52103366,0.979341657,29,36.2955867,0.999824585,0,0,0,0,0,0,0.004632832,0.0047
9,20-08-2021,tharos,96,92,tharos92,1,0.556098982,0.249189478,0.866341461,0.858459821,51752.35,2.525215021,7,141.90939,0.004632832,434039.42,434.03942,28384.41,28.38441,20,8,2021,1.4,0.1,32,0.498,1421,0.93,0.923,910,1.815721796,0.905367814,30,0.9750319,0.921996018,1,1,0,0,0,0,0.004632832,0.0047
9,20-08-2021,themistocles,96,92,themistocles92,1,0.38347817,0.136923061,0.828390029,0.819495292,51752.35,2.525215021,7,141.90939,0.004632832,434039.42,434.03942,28384.41,28.38441,20,8,2021,1.4,0.1,32,0.498,1421,0.93,0.923,910,1.300337737,0.872432784,31,0.6812782,0.891198357,0,0,0,0,0,0,0.004632832,0.0047
9,20-08-2021,tullia,96,92,tullia92,1,0.527725037,0.236074243,0.866324285,0.858585911,51179.118,2.525215021,7,141.90939,0.004632832,434039.42,434.03942,28384.41,28.38441,20,8,2021,1.4,0.1,32,0.498,1421,0.93,0.923,910,1.741357763,0.904641224,32,0.923797,0.920967177,3,1,0,0,0,0,0.004632832,0.0047
9,20-08-2021,vestris,96,92,vestris92,1,0.579617493,0.262829324,0.858120157,0.849641075,51752.35,2.525215021,7,141.90939,0.004632832,434039.42,434.03942,28384.41,28.38441,20,8,2021,1.4,0.1,32,0.498,1421,0.93,0.923,910,1.876658989,0.900104771,33,1.0139766,0.91799342,0,0,0,0,0,0,0.004632832,0.0047
10,21-07-2021,antiopa,66,101,antiopa101,1,1.509540244,1.241773852,0.828422587,0.882207474,58076.085,2.92572656,4,15.064152,0.009189133,502496.197,502.496197,14709.01,14.70901,21,7,2021,3.5,0,23.2,0.556,NA,0.881,0.9339,1010,0.023192663,0.818006957,1,0.049074,0.865213883,1,1,1.43,3.09,0.03,3e-4,0.008889133,0.0089
10,21-07-2021,aphrodite,66,101,aphrodite101,1,7.655567594,18.75320107,0.852784678,0.914142449,58076.085,2.92572656,4,15.064152,0.009189133,502496.197,502.496197,14709.01,14.70901,21,7,2021,3.5,0,23.2,0.556,NA,0.881,0.9339,1010,0.570152975,0.840902567,2,0.6884547,0.8947562,0,0,6.51,3.09,0.03,3e-4,0.008889133,0.0089
10,21-07-2021,archippus,66,101,archippus101,1,0.023372386,0.019327219,0.75418418,0.810887505,56718.273,2.92572656,4,15.064152,0.009189133,502496.197,502.496197,14709.01,14.70901,21,7,2021,3.5,0,23.2,0.556,NA,0.881,0.9339,1010,0,0.743203384,3,1.61e-4,0.79297182,0,0,0,3.09,0.03,3e-4,0.008889133,0.0089
10,21-07-2021,atalanta,66,101,atalanta101,1,0.618926493,0.582715668,0.784717374,0.846324312,58076.085,2.92572656,4,15.064152,0.009189133,502496.197,502.496197,14709.01,14.70901,21,7,2021,3.5,0,23.2,0.556,NA,0.881,0.9339,1010,0.001932722,0.772786977,4,0.0115122,0.826859307,0,0,0.58,3.09,0.03,3e-4,0.008889133,0.0089
10,21-07-2021,augustinus,66,101,augustinus101,1,15.5630108,31.63189378,0.890555404,0.97480046,30474.323,2.92572656,4,15.064152,0.009189133,502496.197,502.496197,14709.01,14.70901,21,7,2021,3.5,0,23.2,0.556,NA,0.881,0.9339,1010,18.51161083,0.874241056,5,8.6107566,0.948182834,0,0,13.44,3.09,0.03,3e-4,0.008889133,0.0089
10,21-07-2021,baptisiae,66,101,baptisiae101,1,4.463054897,9.760245842,0.738408416,0.834166204,33828.527,2.92572656,4,15.064152,0.009189133,502496.197,502.496197,14709.01,14.70901,21,7,2021,3.5,0,23.2,0.556,NA,0.881,0.9339,1010,0.20873397,0.719864589,6,0.2493322,0.803911075,1,1,3.96,3.09,0.03,3e-4,0.008889133,0.0089
10,21-07-2021,bellona,66,101,bellona101,1,9.506831939,22.86989882,0.858739191,0.923054801,56718.273,2.92572656,4,15.064152,0.009189133,502496.197,502.496197,14709.01,14.70901,21,7,2021,3.5,0,23.2,0.556,NA,0.881,0.9339,1010,1.005015413,0.84628425,7,1.2265282,0.902733978,0,0,7.96,3.09,0.03,3e-4,0.008889133,0.0089
10,21-07-2021,bimacula,66,101,bimacula101,1,8.009981856,19.61132962,0.702742859,0.828620738,56718.273,2.92572656,4,15.064152,0.009189133,502496.197,502.496197,14709.01,14.70901,21,7,2021,3.5,0,23.2,0.556,NA,0.881,0.9339,1010,0.631033716,0.678366172,8,0.7688257,0.788849024,0,0,6.79,3.09,0.03,3e-4,0.008889133,0.0089
10,21-07-2021,cocyta,66,101,cocyta101,1,21.1950866,46.40175491,0.928209307,1.017010793,58076.085,2.92572656,4,15.064152,0.009189133,502496.197,502.496197,14709.01,14.70901,21,7,2021,3.5,0,23.2,0.556,NA,0.881,0.9339,1010,43.46111847,0.911012591,9,16.4791387,0.988953541,1,1,19.04,3.09,0.03,3e-4,0.008889133,0.0089
10,21-07-2021,comyntas,66,101,comyntas101,1,0.64639507,0.594311999,0.772671915,0.837990913,58076.085,2.92572656,4,15.064152,0.009189133,502496.197,502.496197,14709.01,14.70901,21,7,2021,3.5,0,23.2,0.556,NA,0.881,0.9339,1010,0.001932722,0.760022665,10,0.0124492,0.817353065,0,0,0.61,3.09,0.03,3e-4,0.008889133,0.0089
10,21-07-2021,cybele,66,101,cybele101,1,2.187526856,1.808061383,0.811419423,0.873403344,58076.085,2.92572656,4,15.064152,0.009189133,502496.197,502.496197,14709.01,14.70901,21,7,2021,3.5,0,23.2,0.556,NA,0.881,0.9339,1010,0.057015297,0.799416022,11,0.0865822,0.85381923,9,1,2.07,3.09,0.03,3e-4,0.008889133,0.0089
10,21-07-2021,cymela,66,101,cymela101,1,2.8023036120000002,2.552159334,0.751924378,0.836386081,30477.326,2.92572656,4,15.064152,0.009189133,502496.197,502.496197,14709.01,14.70901,21,7,2021,3.5,0,23.2,0.556,NA,0.881,0.9339,1010,0.101467902,0.735568077,12,0.1274103,0.809700004,0,0,2.63,3.09,0.03,3e-4,0.008889133,0.0089
10,21-07-2021,dion,66,101,dion101,1,1.174991172,0.999217248,0.639181439,0.749076517,86264.744,2.92572656,4,15.064152,0.009189133,502496.197,502.496197,14709.01,14.70901,21,7,2021,3.5,0,23.2,0.556,NA,0.881,0.9339,1010,0.011596332,0.617899876,13,0.0325821,0.714354645,0,0,1.11,3.09,0.03,3e-4,0.008889133,0.0089
10,21-07-2021,egeremet,66,101,egeremet101,1,10.78176483,24.67409476,0.735971827,0.866495404,58076.085,2.92572656,4,15.064152,0.009189133,502496.197,502.496197,14709.01,14.70901,21,7,2021,3.5,0,23.2,0.556,NA,0.881,0.9339,1010,1.635082769,0.710695484,14,1.9226934,0.82525586,2,1,8.97,3.09,0.03,3e-4,0.008889133,0.0089
10,21-07-2021,eurytheme,66,101,eurytheme101,1,0.001526032,0,0.757265486,0.808132756,58076.085,2.92572656,4,15.064152,0.009189133,502496.197,502.496197,14709.01,14.70901,21,7,2021,3.5,0,23.2,0.556,NA,0.881,0.9339,1010,0,0.747414862,15,0,0.792061,0,0,0,3.09,0.03,3e-4,0.008889133,0.0089
10,21-07-2021,henrici,66,101,henrici101,1,23.16125849,53.78282003,0.929723707,1.036014923,30477.326,2.92572656,4,15.064152,0.009189133,502496.197,502.496197,14709.01,14.70901,21,7,2021,3.5,0,23.2,0.556,NA,0.881,0.9339,1010,53.54316251,0.909140045,16,18.9964492,1.002431708,0,0,21.02,3.09,0.03,3e-4,0.008889133,0.0089
10,21-07-2021,lineola,66,101,lineola101,1,13.11927119,28.05056001,0.815292888,0.928937854,56718.273,2.92572656,4,15.064152,0.009189133,502496.197,502.496197,14709.01,14.70901,21,7,2021,3.5,0,23.2,0.556,NA,0.881,0.9339,1010,4.856930258,0.793285147,17,4.6456433,0.893031187,0,0,11.08,3.09,0.03,3e-4,0.008889133,0.0089
10,21-07-2021,lucia,66,101,lucia101,1,19.06359458,39.55508741,0.931623342,1.001838381,58076.085,2.92572656,4,15.064152,0.009189133,502496.197,502.496197,14709.01,14.70901,21,7,2021,3.5,0,23.2,0.556,NA,0.881,0.9339,1010,33.44961877,0.918025957,18,0.3297836,0.979653606,0,0,16.91,3.09,0.03,3e-4,0.008889133,0.0089
10,21-07-2021,lucilius,66,101,lucilius101,1,5.302827684,12.90961626,0.739605913,0.838180668,30477.326,2.92572656,4,15.064152,0.009189133,502496.197,502.496197,14709.01,14.70901,21,7,2021,3.5,0,23.2,0.556,NA,0.881,0.9339,1010,0.271547434,0.720516571,19,13.665323,0.807035505,0,0,4.62,3.09,0.03,3e-4,0.008889133,0.0089
10,21-07-2021,lygdamus,66,101,lygdamus101,1,1.550689566,1.281394652,0.831485647,0.884485065,58076.085,2.92572656,4,15.064152,0.009189133,502496.197,502.496197,14709.01,14.70901,21,7,2021,3.5,0,23.2,0.556,NA,0.881,0.9339,1010,0.024159024,0.821222126,20,0.051189,0.867739647,0,0,1.47,3.09,0.03,3e-4,0.008889133,0.0089
10,21-07-2021,origenes,66,101,origenes101,1,3.808628078,6.3267653,0.745554179,0.836324014,58076.085,2.92572656,4,15.064152,0.009189133,502496.197,502.496197,14709.01,14.70901,21,7,2021,3.5,0,23.2,0.556,NA,0.881,0.9339,1010,0.155584117,0.727976286,21,0.1974739,0.807644853,2,1,3.46,3.09,0.03,3e-4,0.008889133,0.0089
10,21-07-2021,pegala,66,101,pegala101,1,0.238275187,0.287009209,0.799779934,0.852981556,58076.085,2.92572656,4,15.064152,0.009189133,502496.197,502.496197,14709.01,14.70901,21,7,2021,3.5,0,23.2,0.556,NA,0.881,0.9339,1010,0,0.789477255,22,0.00252,0.83617225,0,0,0.22,3.09,0.03,3e-4,0.008889133,0.0089
10,21-07-2021,philodice,66,101,philodice101,1,0.516655569,0.506373151,0.810280929,0.863742073,58076.085,2.92572656,4,15.064152,0.009189133,502496.197,502.496197,14709.01,14.70901,21,7,2021,3.5,0,23.2,0.556,NA,0.881,0.9339,1010,0,0.799927993,23,0.00886,0.846850771,2,1,0.49,3.09,0.03,3e-4,0.008889133,0.0089
10,21-07-2021,plexippus,66,101,plexippus101,1,1.055826806,0.908379316,0.815998197,0.871397992,56718.273,2.92572656,4,15.064152,0.009189133,502496.197,502.496197,14709.01,14.70901,21,7,2021,3.5,0,23.2,0.556,NA,0.881,0.9339,1010,0.00966361,0.805269835,24,0.0272009,0.853894163,0,0,1,3.09,0.03,3e-4,0.008889133,0.0089
10,21-07-2021,polios,66,101,polios101,1,29.39555475,73.41347687,0.975627408,1.07198991,56718.273,2.92572656,4,15.064152,0.009189133,502496.197,502.496197,14709.01,14.70901,21,7,2021,3.5,0,23.2,0.556,NA,0.881,0.9339,1010,80.04464588,0.956966475,25,25.8684662,1.04154372,0,0,27.31,3.09,0.03,3e-4,0.008889133,0.0089
10,21-07-2021,progne,66,101,progne101,1,13.22630762,28.20517776,0.878979074,0.95424117,33828.527,2.92572656,4,15.064152,0.009189133,502496.197,502.496197,14709.01,14.70901,21,7,2021,3.5,0,23.2,0.556,NA,0.881,0.9339,1010,5.21641654,0.864404308,26,4.8088752,0.930461753,1,1,11.19,3.09,0.03,3e-4,0.008889133,0.0089
10,21-07-2021,rapae,66,101,rapae101,1,0.292328851,0.335327258,0.79127026,0.847529033,30474.323,2.92572656,4,15.064152,0.009189133,502496.197,502.496197,14709.01,14.70901,21,7,2021,3.5,0,23.2,0.556,NA,0.881,0.9339,1010,0,0.780375554,27,0.00321,0.829753806,0,0,0.27,3.09,0.03,3e-4,0.008889133,0.0089
10,21-07-2021,sassacus,66,101,sassacus101,1,17.79307915,36.13127047,0.864872468,0.989792248,58076.085,2.92572656,4,15.064152,0.009189133,502496.197,502.496197,14709.01,14.70901,21,7,2021,3.5,0,23.2,0.556,NA,0.881,0.9339,1010,27.75292083,0.840681296,28,11.9209879,0.950323233,0,0,15.64,3.09,0.03,3e-4,0.008889133,0.0089
10,21-07-2021,selene,66,101,selene101,1,8.197657032,20.07131744,0.825510623,0.900038337,56718.273,2.92572656,4,15.064152,0.009189133,502496.197,502.496197,14709.01,14.70901,21,7,2021,3.5,0,23.2,0.556,NA,0.881,0.9339,1010,0.660990907,0.811078073,29,0.8163736,0.876490951,10,1,6.93,3.09,0.03,3e-4,0.008889133,0.0089
10,21-07-2021,tharos,66,101,tharos101,1,0.390423265,0.419400663,0.780486556,0.840988747,58076.085,2.92572656,4,15.064152,0.009189133,502496.197,502.496197,14709.01,14.70901,21,7,2021,3.5,0,23.2,0.556,NA,0.881,0.9339,1010,0,0.768770097,30,0.00546,0.821872792,2,1,0.37,3.09,0.03,3e-4,0.008889133,0.0089
10,21-07-2021,themistocles,66,101,themistocles101,1,0.126044897,0.155584117,0.731499435,0.799778507,58076.085,2.92572656,4,15.064152,0.009189133,502496.197,502.496197,14709.01,14.70901,21,7,2021,3.5,0,23.2,0.556,NA,0.881,0.9339,1010,0,0.718276956,31,0.00112,0.77820541,0,0,0.12,3.09,0.03,3e-4,0.008889133,0.0089
10,21-07-2021,tullia,66,101,tullia101,1,0.337922406,0.377847141,0.782029975,0.841432411,56718.273,2.92572656,4,15.064152,0.009189133,502496.197,502.496197,14709.01,14.70901,21,7,2021,3.5,0,23.2,0.556,NA,0.881,0.9339,1010,0,0.770526456,32,0.00436,0.822663896,0,0,0.32,3.09,0.03,3e-4,0.008889133,0.0089
10,21-07-2021,vestris,66,101,vestris101,1,0.433018301,0.449357853,0.76575731,0.830845666,58076.085,2.92572656,4,15.064152,0.009189133,502496.197,502.496197,14709.01,14.70901,21,7,2021,3.5,0,23.2,0.556,NA,0.881,0.9339,1010,0,0.753152724,33,0.00626,0.81028069,1,1,0.41,3.09,0.03,3e-4,0.008889133,0.0089
10,26-08-2021,antiopa,102,102,antiopa102,1,27.06531773,66.09003031,0.974966578,1.043419409,58076.085,1,1,3.766038,0.00953091,502496.197,502.496197,14709.01,14.70901,26,8,2021,4,0,30.4,0.537,2666,0.8851,0.9393,1010,83.74165028,0.989091419,1,27.6483803,1.070599011,0,0,26.25,6.33,0.06,6e-4,0.00893091,0.0091
10,26-08-2021,aphrodite,102,102,aphrodite102,1,40.26268376,76.38753123,1.019961984,1.098052936,58076.085,1,1,3.766038,0.00953091,502496.197,502.496197,14709.01,14.70901,26,8,2021,4,0,30.4,0.537,2666,0.8851,0.9393,1010,96.54813141,1.036075637,2,61.8132135,1.129059462,0,0,39.55,6.33,0.06,6e-4,0.00893091,0.0091
10,26-08-2021,archippus,102,102,archippus102,1,15.24402821,43.13121439,0.908679837,0.980847007,56718.273,1,1,3.766038,0.00953091,502496.197,502.496197,14709.01,14.70901,26,8,2021,4,0,30.4,0.537,2666,0.8851,0.9393,1010,63.35858537,0.923571109,3,16.02076,1.009501409,0,0,0,6.33,0.06,6e-4,0.00893091,0.0091
10,26-08-2021,atalanta,102,102,atalanta102,1,23.38856696,62.28660012,0.952573568,1.030981639,58076.085,1,1,3.766038,0.00953091,502496.197,502.496197,14709.01,14.70901,26,8,2021,4,0,30.4,0.537,2666,0.8851,0.9393,1010,76.76390972,0.968752614,4,23.3868503,1.062114027,0,0,22.59,6.33,0.06,6e-4,0.00893091,0.0091
10,26-08-2021,augustinus,102,102,augustinus102,1,92.82227295,98.92078162,1.120092127,1.22731207,30474.323,1,1,3.766038,0.00953091,502496.197,502.496197,14709.01,14.70901,26,8,2021,4,0,30.4,0.537,2666,0.8851,0.9393,1010,100,1.142216333,5,98.8862067,1.269884383,0,0,93.31,6.33,0.06,6e-4,0.00893091,0.0091
10,26-08-2021,baptisiae,102,102,baptisiae102,1,33.99537909,71.98080512,0.999313087,1.121185455,33828.527,1,1,3.766038,0.00953091,502496.197,502.496197,14709.01,14.70901,26,8,2021,4,0,30.4,0.537,2666,0.8851,0.9393,1010,91.82359929,1.024460735,6,42.5220024,1.169575599,0,0,33.19,6.33,0.06,6e-4,0.00893091,0.0091
10,26-08-2021,bellona,102,102,bellona102,1,46.33163741,80.53556089,1.033975518,1.115830956,56718.273,1,1,3.766038,0.00953091,502496.197,502.496197,14709.01,14.70901,26,8,2021,4,0,30.4,0.537,2666,0.8851,0.9393,1010,97.76626614,1.050865907,7,72.8891651,1.1483321419999999,0,0,45.84,6.33,0.06,6e-4,0.00893091,0.0091
10,26-08-2021,bimacula,102,102,bimacula102,1,41.21659459,76.99675148,1.045713676,1.205920334,56718.273,1,1,3.766038,0.00953091,502496.197,502.496197,14709.01,14.70901,26,8,2021,4,0,30.4,0.537,2666,0.8851,0.9393,1010,96.90062124,1.07877138,8,63.8955871,1.269531336,0,0,40.54,6.33,0.06,6e-4,0.00893091,0.0091
10,26-08-2021,cocyta,102,102,cocyta102,1,99.81751497,100,1.170160621,1.283179601,58076.085,1,1,3.766038,0.00953091,502496.197,502.496197,14709.01,14.70901,26,8,2021,4,0,30.4,0.537,2666,0.8851,0.9393,1010,100,1.193481425,9,99.9120607,1.328054455,2,1,99.85,6.33,0.06,6e-4,0.00893091,0.0091
10,26-08-2021,comyntas,102,102,comyntas102,1,23.54826737,62.48012876,0.950642105,1.03377457,58076.085,1,1,3.766038,0.00953091,502496.197,502.496197,14709.01,14.70901,26,8,2021,4,0,30.4,0.537,2666,0.8851,0.9393,1010,77.05602835,0.967796001,10,23.5507643,1.066782807,1,1,22.75,6.33,0.06,6e-4,0.00893091,0.0091
10,26-08-2021,cybele,102,102,cybele102,1,29.14810756,67.86930893,0.980302758,1.059190621,58076.085,1,1,3.766038,0.00953091,502496.197,502.496197,14709.01,14.70901,26,8,2021,4,0,30.4,0.537,2666,0.8851,0.9393,1010,86.66186294,0.996580806,11,30.7058368,1.090513514,0,0,28.33,6.33,0.06,6e-4,0.00893091,0.0091
10,26-08-2021,cymela,102,102,cymela102,1,30.72836131,69.18648854,0.982051381,1.089547053,30477.326,1,1,3.766038,0.00953091,502496.197,502.496197,14709.01,14.70901,26,8,2021,4,0,30.4,0.537,2666,0.8851,0.9393,1010,88.48955189,1.004232483,12,33.6900496,1.132228845,0,0,29.92,6.33,0.06,6e-4,0.00893091,0.0091
10,26-08-2021,dion,102,102,dion102,1,25.85492388,64.87751414,0.938605014,1.078470123,86264.744,1,1,3.766038,0.00953091,502496.197,502.496197,14709.01,14.70901,26,8,2021,4,0,30.4,0.537,2666,0.8851,0.9393,1010,81.77471811,0.967465359,13,26.1563259,1.134004392,0,0,25.04,6.33,0.06,6e-4,0.00893091,0.0091
10,26-08-2021,egeremet,102,102,egeremet102,1,54.34024874,84.58485145,1.09160046,1.257719769,58076.085,1,1,3.766038,0.00953091,502496.197,502.496197,14709.01,14.70901,26,8,2021,4,0,30.4,0.537,2666,0.8851,0.9393,1010,98.52772206,1.125878204,14,81.9223299,1.323678423,0,0,54.16,6.33,0.06,6e-4,0.00893091,0.0091
10,26-08-2021,eurytheme,102,102,eurytheme102,1,11.99240825,31.26178698,0.895860045,0.96059958,58076.085,1,1,3.766038,0.00953091,502496.197,502.496197,14709.01,14.70901,26,8,2021,4,0,30.4,0.537,2666,0.8851,0.9393,1010,47.66791953,0.909218668,15,12.4413901,0.986304795,0,0,11.77,6.33,0.06,6e-4,0.00893091,0.0091
10,26-08-2021,henrici,102,102,henrici102,1,99.94405284,100,1.219328087,1.354606506,30477.326,1,1,3.766038,0.00953091,502496.197,502.496197,14709.01,14.70901,26,8,2021,4,0,30.4,0.537,2666,0.8851,0.9393,1010,100,1.247241995,16,99.9676178,1.408319603,0,0,99.96,6.33,0.06,6e-4,0.00893091,0.0091
10,26-08-2021,lineola,102,102,lineola102,1,77.32628744,95.669303,1.124933526,1.269571174,56718.273,1,1,3.766038,0.00953091,502496.197,502.496197,14709.01,14.70901,26,8,2021,4,0,30.4,0.537,2666,0.8851,0.9393,1010,99.58129662,1.154778656,17,95.910265,1.327000408,0,0,77.9,6.33,0.06,6e-4,0.00893091,0.0091
10,26-08-2021,lucia,102,102,lucia102,1,99.33526656,100,1.122933439,1.212297168,58076.085,1,1,3.766038,0.00953091,502496.197,502.496197,14709.01,14.70901,26,8,2021,4,0,30.4,0.537,2666,0.8851,0.9393,1010,100,1.14137312,18,47.6926022,1.247779566,0,0,99.45,6.33,0.06,6e-4,0.00893091,0.0091
10,26-08-2021,lucilius,102,102,lucilius102,1,35.48080097,73.15283826,1.00818578,1.133643344,30477.326,1,1,3.766038,0.00953091,502496.197,502.496197,14709.01,14.70901,26,8,2021,4,0,30.4,0.537,2666,0.8851,0.9393,1010,93.17805605,1.034073212,19,99.7610736,1.183457011,0,0,34.68,6.33,0.06,6e-4,0.00893091,0.0091
10,26-08-2021,lygdamus,102,102,lygdamus102,1,27.20309184,66.20950463,0.975889523,1.043342674,58076.085,1,1,3.766038,0.00953091,502496.197,502.496197,14709.01,14.70901,26,8,2021,4,0,30.4,0.537,2666,0.8851,0.9393,1010,83.97339773,0.989808085,20,27.8382261,1.070125347,0,0,26.38,6.33,0.06,6e-4,0.00893091,0.0091
10,26-08-2021,origenes,102,102,origenes102,1,32.85053004,70.98452758,0.992868517,1.108392642,58076.085,1,1,3.766038,0.00953091,502496.197,502.496197,14709.01,14.70901,26,8,2021,4,0,30.4,0.537,2666,0.8851,0.9393,1010,90.66583575,1.016706242,21,38.9115247,1.15426218,0,0,32.05,6.33,0.06,6e-4,0.00893091,0.0091
10,26-08-2021,pegala,102,102,pegala102,1,20.52675645,58.26001955,0.944734742,1.012445242,58076.085,1,1,3.766038,0.00953091,502496.197,502.496197,14709.01,14.70901,26,8,2021,4,0,30.4,0.537,2666,0.8851,0.9393,1010,73.67913689,0.958706406,22,20.6964706,1.039330097,0,0,19.75,6.33,0.06,6e-4,0.00893091,0.0091
10,26-08-2021,philodice,102,102,philodice102,1,22.79010659,61.56382989,0.955942839,1.023983637,58076.085,1,1,3.766038,0.00953091,502496.197,502.496197,14709.01,14.70901,26,8,2021,4,0,30.4,0.537,2666,0.8851,0.9393,1010,75.86321058,0.969982658,23,22.7849046,1.050999638,13,1,22,6.33,0.06,6e-4,0.00893091,0.0091
10,26-08-2021,plexippus,102,102,plexippus102,1,25.37431409,64.42331428,0.966942215,1.037450362,56718.273,1,1,3.766038,0.00953091,502496.197,502.496197,14709.01,14.70901,26,8,2021,4,0,30.4,0.537,2666,0.8851,0.9393,1010,80.96165456,0.981491158,24,25.6043191,1.065446039,0,0,24.56,6.33,0.06,6e-4,0.00893091,0.0091
10,26-08-2021,polios,102,102,polios102,1,99.99914168,100,1.238179704,1.360821702,56718.273,1,1,3.766038,0.00953091,502496.197,502.496197,14709.01,14.70901,26,8,2021,4,0,30.4,0.537,2666,0.8851,0.9393,1010,100,1.263486161,25,99.9964887,1.409517432,0,0,100,6.33,0.06,6e-4,0.00893091,0.0091
10,26-08-2021,progne,102,102,progne102,1,78.25163947,95.97243204,1.084040542,1.179827737,33828.527,1,1,3.766038,0.00953091,502496.197,502.496197,14709.01,14.70901,26,8,2021,4,0,30.4,0.537,2666,0.8851,0.9393,1010,99.60271865,1.103805668,26,96.1882062,1.21786061,0,0,78.84,6.33,0.06,6e-4,0.00893091,0.0091
10,26-08-2021,rapae,102,102,rapae102,1,21.05743519,59.14373451,0.944554676,1.016156057,30474.323,1,1,3.766038,0.00953091,502496.197,502.496197,14709.01,14.70901,26,8,2021,4,0,30.4,0.537,2666,0.8851,0.9393,1010,74.15042162,0.959329201,27,21.1848054,1.044585809,0,0,20.28,6.33,0.06,6e-4,0.00893091,0.0091
10,26-08-2021,sassacus,102,102,sassacus102,1,98.44346723,99.99605044,1.205232819,1.364220091,58076.085,1,1,3.766038,0.00953091,502496.197,502.496197,14709.01,14.70901,26,8,2021,4,0,30.4,0.537,2666,0.8851,0.9393,1010,100,1.238038873,28,99.5603557,1.427346879,0,0,98.66,6.33,0.06,6e-4,0.00893091,0.0091
10,26-08-2021,selene,102,102,selene102,1,41.74961421,77.34036356,1.028571169,1.123423704,56718.273,1,1,3.766038,0.00953091,502496.197,502.496197,14709.01,14.70901,26,8,2021,4,0,30.4,0.537,2666,0.8851,0.9393,1010,97.0515492,1.048143433,29,65.0039444,1.161085465,2,1,41.09,6.33,0.06,6e-4,0.00893091,0.0091
10,26-08-2021,tharos,102,102,tharos102,1,21.92785443,60.42931761,0.945332723,1.022334766,58076.085,1,1,3.766038,0.00953091,502496.197,502.496197,14709.01,14.70901,26,8,2021,4,0,30.4,0.537,2666,0.8851,0.9393,1010,74.93427331,0.961221643,30,21.9629677,1.052908883,2,1,21.14,6.33,0.06,6e-4,0.00893091,0.0091
10,26-08-2021,themistocles,102,102,themistocles102,1,18.91521287,54.98879311,0.917534735,1.004434531,58076.085,1,1,3.766038,0.00953091,502496.197,502.496197,14709.01,14.70901,26,8,2021,4,0,30.4,0.537,2666,0.8851,0.9393,1010,71.77160217,0.935465998,31,19.2495173,1.038938609,0,0,18.2,6.33,0.06,6e-4,0.00893091,0.0091
10,26-08-2021,tullia,102,102,tullia102,1,21.48199378,59.76776563,0.943879715,1.019482083,56718.273,1,1,3.766038,0.00953091,502496.197,502.496197,14709.01,14.70901,26,8,2021,4,0,30.4,0.537,2666,0.8851,0.9393,1010,74.52920213,0.959479795,32,21.567254,1.049500428,8,1,20.69,6.33,0.06,6e-4,0.00893091,0.0091
10,26-08-2021,vestris,102,102,vestris102,1,22.24673505,60.8598201,0.943099086,1.02593801,58076.085,1,1,3.766038,0.00953091,502496.197,502.496197,14709.01,14.70901,26,8,2021,4,0,30.4,0.537,2666,0.8851,0.9393,1010,75.2653411,0.960192412,33,22.2626271,1.058829695,0,0,21.45,6.33,0.06,6e-4,0.00893091,0.0091
11,21-07-2021,antiopa,66,111,antiopa111,1,2.35238841,11.99772123,0.837518752,0.915506669,60478.14,2.773441882,3,7.965714,0.007275352,527969.737,527.969737,10813.78,10.81378,21,7,2021,4.3,0.2,24.3,0.585,NA,0.9031,0.9209,1110,0.532798003,0.834220958,1,0.1330224,0.883576101,0,0,2.12,2.97,0.02,2e-4,0.007075352,0.0071
11,21-07-2022,aphrodite,66,111,aphrodite111,1,7.549623779,41.39764527,0.863161578,0.952130152,60478.14,2.773441882,3,7.965714,0.007275352,527969.737,527.969737,10813.78,10.81378,21,7,2021,4.3,0.2,24.3,0.585,NA,0.9031,0.9209,1110,4.536378927,0.859399491,2,1.1593408,0.915703808,0,0,7.19,2.97,0.02,2e-4,0.007075352,0.0071
11,21-07-2023,archippus,66,111,archippus111,1,0.078989479,0.463349791,0.763773914,0.845993557,59018.471,2.773441882,3,7.965714,0.007275352,527969.737,527.969737,10813.78,10.81378,21,7,2021,4.3,0.2,24.3,0.585,NA,0.9031,0.9209,1110,0.018989746,0.760297179,3,0.00398,0.812330395,0,0,0,2.97,0.02,2e-4,0.007075352,0.0071
11,21-07-2024,atalanta,66,111,atalanta111,1,1.051309114,5.246052846,0.795136414,0.884466279,60478.14,2.773441882,3,7.965714,0.007275352,527969.737,527.969737,10813.78,10.81378,21,7,2021,4.3,0.2,24.3,0.585,NA,0.9031,0.9209,1110,0.236015409,0.791359016,4,0.058425,0.847891981,0,0,0.97,2.97,0.02,2e-4,0.007075352,0.0071
11,21-07-2025,augustinus,66,111,augustinus111,1,14.35429505,58.22635777,0.904803029,1.026958096,31368.587,2.773441882,3,7.965714,0.007275352,527969.737,527.969737,10813.78,10.81378,21,7,2021,4.3,0.2,24.3,0.585,NA,0.9031,0.9209,1110,46.04687754,0.899637586,5,11.240952,0.976944186,0,0,13.94,2.97,0.02,2e-4,0.007075352,0.0071
11,21-07-2026,baptisiae,66,111,baptisiae111,1,5.34173164,29.82312408,0.754603089,0.893451578,34772.577,2.773441882,3,7.965714,0.007275352,527969.737,527.969737,10813.78,10.81378,21,7,2021,4.3,0.2,24.3,0.585,NA,0.9031,0.9209,1110,1.892463784,0.748731748,6,0.4570495,0.836602886,2,1,5.01,2.97,0.02,2e-4,0.007075352,0.0071
11,21-07-2027,bellona,66,111,bellona111,1,8.65438698,45.8841083,0.869616325,0.962873755,59018.471,2.773441882,3,7.965714,0.007275352,527969.737,527.969737,10813.78,10.81378,21,7,2021,4.3,0.2,24.3,0.585,NA,0.9031,0.9209,1110,7.659378221,0.865672845,7,2.005754,0.924691396,0,0,8.28,2.97,0.02,2e-4,0.007075352,0.0071
11,21-07-2028,bimacula,66,111,bimacula111,1,7.776344013,42.37643101,0.724031478,0.906554005,59018.471,2.773441882,3,7.965714,0.007275352,527969.737,527.969737,10813.78,10.81378,21,7,2021,4.3,0.2,24.3,0.585,NA,0.9031,0.9209,1110,4.997015897,0.716313339,8,1.2874264,0.831823866,0,0,7.41,2.97,0.02,2e-4,0.007075352,0.0071
11,21-07-2029,cocyta,66,111,cocyta111,1,21.90739164,69.7775487,0.943227521,1.071989396,60478.14,2.773441882,3,7.965714,0.007275352,527969.737,527.969737,10813.78,10.81378,21,7,2021,4.3,0.2,24.3,0.585,NA,0.9031,0.9209,1110,66.56285606,0.937782703,9,19.2383303,1.019270463,0,0,21.46,2.97,0.02,2e-4,0.007075352,0.0071
11,21-07-2030,comyntas,66,111,comyntas111,1,1.095604508,5.443003635,0.783718743,0.878431083,60478.14,2.773441882,3,7.965714,0.007275352,527969.737,527.969737,10813.78,10.81378,21,7,2021,4.3,0.2,24.3,0.585,NA,0.9031,0.9209,1110,0.243611307,0.779713742,10,0.0604678,0.83965304,0,0,1,2.97,0.02,2e-4,0.007075352,0.0071
11,21-07-2031,cybele,66,111,cybele111,1,3.207789997,17.00233303,0.821902219,0.911778708,60478.14,2.773441882,3,7.965714,0.007275352,527969.737,527.969737,10813.78,10.81378,21,7,2021,4.3,0.2,24.3,0.585,NA,0.9031,0.9209,1110,0.797569313,0.818101706,11,0.1989037,0.874980606,7,1,2.93,2.97,0.02,2e-4,0.007075352,0.0071
11,21-07-2032,cymela,66,111,cymela111,1,3.889925437,21.20774782,0.766208643,0.888677845,31371.357,2.773441882,3,7.965714,0.007275352,527969.737,527.969737,10813.78,10.81378,21,7,2021,4.3,0.2,24.3,0.585,NA,0.9031,0.9209,1110,1.064510878,0.761029916,12,0.2646148,0.838535319,0,0,3.59,2.97,0.02,2e-4,0.007075352,0.0071
11,21-07-2033,dion,66,111,dion111,1,1.883081952,9.371710705,0.657767027,0.817114543,88904.867,2.773441882,3,7.965714,0.007275352,527969.737,527.969737,10813.78,10.81378,21,7,2021,4.3,0.2,24.3,0.585,NA,0.9031,0.9209,1110,0.411806196,0.651028866,13,0.1034354,0.751872941,0,0,1.69,2.97,0.02,2e-4,0.007075352,0.0071
11,21-07-2034,egeremet,66,111,egeremet111,1,9.466855061,48.43253215,0.758046132,0.947304907,60478.14,2.773441882,3,7.965714,0.007275352,527969.737,527.969737,10813.78,10.81378,21,7,2021,4.3,0.2,24.3,0.585,NA,0.9031,0.9209,1110,11.87889968,0.750043144,14,3.0585612,0.869816748,0,0,9.09,2.97,0.02,2e-4,0.007075352,0.0071
11,21-07-2035,eurytheme,66,111,eurytheme111,1,0.019781417,0.129672834,0.76586822,0.839625601,60478.14,2.773441882,3,7.965714,0.007275352,527969.737,527.969737,10813.78,10.81378,21,7,2021,4.3,0.2,24.3,0.585,NA,0.9031,0.9209,1110,0.009223591,0.762749319,15,8.85e-4,0.80942714,0,0,0.02,2.97,0.02,2e-4,0.007075352,0.0071
11,21-07-2036,henrici,66,111,henrici111,1,24.32596779,72.58911616,0.947699806,1.101821733,31371.357,2.773441882,3,7.965714,0.007275352,527969.737,527.969737,10813.78,10.81378,21,7,2021,4.3,0.2,24.3,0.585,NA,0.9031,0.9209,1110,70.3027508,0.941182613,16,21.8519628,1.038719642,0,0,23.84,2.97,0.02,2e-4,0.007075352,0.0071
11,21-07-2037,lineola,66,111,lineola111,1,11.50212795,52.53540231,0.834512662,0.999297504,59018.471,2.773441882,3,7.965714,0.007275352,527969.737,527.969737,10813.78,10.81378,21,7,2021,4.3,0.2,24.3,0.585,NA,0.9031,0.9209,1110,28.29038034,0.827544578,17,6.8083143,0.931829699,0,0,11.11,2.97,0.02,2e-4,0.007075352,0.0071
11,21-07-2038,lucia,66,111,lucia111,1,19.1865105,65.99045087,0.943498194,1.045309779,60478.14,2.773441882,3,7.965714,0.007275352,527969.737,527.969737,10813.78,10.81378,21,7,2021,4.3,0.2,24.3,0.585,NA,0.9031,0.9209,1110,60.98312625,0.939192995,18,0.5808791,1.003625095,0,0,18.76,2.97,0.02,2e-4,0.007075352,0.0071
11,21-07-2039,lucilius,66,111,lucilius111,1,5.974634844,33.46318702,0.756276995,0.899210077,31371.357,2.773441882,3,7.965714,0.007275352,527969.737,527.969737,10813.78,10.81378,21,7,2021,4.3,0.2,24.3,0.585,NA,0.9031,0.9209,1110,2.408442298,0.750232933,19,16.4347145,0.840689031,0,0,5.63,2.97,0.02,2e-4,0.007075352,0.0071
11,21-07-2040,lygdamus,66,111,lygdamus111,1,2.407340574,12.30047203,0.840448973,0.917297961,60478.14,2.773441882,3,7.965714,0.007275352,527969.737,527.969737,10813.78,10.81378,21,7,2021,4.3,0.2,24.3,0.585,NA,0.9031,0.9209,1110,0.542021594,0.83719934,20,0.1367335,0.885833705,0,0,2.17,2.97,0.02,2e-4,0.007075352,0.0071
11,21-07-2041,origenes,66,111,origenes111,1,4.8358585,26.82274429,0.760905283,0.892521256,60478.14,2.773441882,3,7.965714,0.007275352,527969.737,527.969737,10813.78,10.81378,21,7,2021,4.3,0.2,24.3,0.585,NA,0.9031,0.9209,1110,1.541967338,0.755339776,21,0.3793878,0.838633771,1,1,4.51,2.97,0.02,2e-4,0.007075352,0.0071
11,21-07-2042,pegala,66,111,pegala111,1,0.42858602,2.438283327,0.808777456,0.88591964,60478.14,2.773441882,3,7.965714,0.007275352,527969.737,527.969737,10813.78,10.81378,21,7,2021,4.3,0.2,24.3,0.585,NA,0.9031,0.9209,1110,0.115023602,0.805515426,22,0.0271697,0.854335341,5,1,0.4,2.97,0.02,2e-4,0.007075352,0.0071
11,21-07-2043,philodice,66,111,philodice111,1,0.886997378,4.515761489,0.819322342,0.896840833,60478.14,2.773441882,3,7.965714,0.007275352,527969.737,527.969737,10813.78,10.81378,21,7,2021,4.3,0.2,24.3,0.585,NA,0.9031,0.9209,1110,0.201291303,0.816044399,23,0.0498451,0.865102462,7,1,0.82,2.97,0.02,2e-4,0.007075352,0.0071
11,21-07-2044,plexippus,66,111,plexippus111,1,1.712675769,8.465085996,0.825367477,0.905697005,59018.471,2.773441882,3,7.965714,0.007275352,527969.737,527.969737,10813.78,10.81378,21,7,2021,4.3,0.2,24.3,0.585,NA,0.9031,0.9209,1110,0.375996962,0.821970667,24,0.0938681,0.872807712,2,1,1.54,2.97,0.02,2e-4,0.007075352,0.0071
11,21-07-2045,polios,66,111,polios111,1,32.49651016,78.16287776,0.99192435,1.131649675,59018.471,2.773441882,3,7.965714,0.007275352,527969.737,527.969737,10813.78,10.81378,21,7,2021,4.3,0.2,24.3,0.585,NA,0.9031,0.9209,1110,76.86397917,0.986015932,25,31.3697865,1.074441981,0,0,31.87,2.97,0.02,2e-4,0.007075352,0.0071
11,21-07-2046,progne,66,111,progne111,1,11.61431344,52.77358798,0.89170749,1.000837292,34772.577,2.773441882,3,7.965714,0.007275352,527969.737,527.969737,10813.78,10.81378,21,7,2021,4.3,0.2,24.3,0.585,NA,0.9031,0.9209,1110,29.18940915,0.887092833,26,7.0146062,0.956156313,0,0,11.22,2.97,0.02,2e-4,0.007075352,0.0071
11,21-07-2047,rapae,66,111,rapae111,1,0.515099929,2.850089523,0.800784812,0.882359854,31368.587,2.773441882,3,7.965714,0.007275352,527969.737,527.969737,10813.78,10.81378,21,7,2021,4.3,0.2,24.3,0.585,NA,0.9031,0.9209,1110,0.130757962,0.797335333,27,0.0312553,0.848960611,0,0,0.49,2.97,0.02,2e-4,0.007075352,0.0071
11,21-07-2048,sassacus,66,111,sassacus111,1,17.39828402,63.36932342,0.885999052,1.067132339,60478.14,2.773441882,3,7.965714,0.007275352,527969.737,527.969737,10813.78,10.81378,21,7,2021,4.3,0.2,24.3,0.585,NA,0.9031,0.9209,1110,56.63881504,0.878339634,28,14.6527187,0.992970979,0,0,16.97,2.97,0.02,2e-4,0.007075352,0.0071
11,21-07-2049,selene,66,111,selene111,1,7.890231861,42.87884542,0.83811484,0.946179789,59018.471,2.773441882,3,7.965714,0.007275352,527969.737,527.969737,10813.78,10.81378,21,7,2021,4.3,0.2,24.3,0.585,NA,0.9031,0.9209,1110,5.261787206,0.83354521,29,1.3602193,0.901934792,5,1,7.52,2.97,0.02,2e-4,0.007075352,0.0071
11,21-07-2050,tharos,66,111,tharos111,1,0.68516564,3.594487548,0.79071876,0.878446745,60478.14,2.773441882,3,7.965714,0.007275352,527969.737,527.969737,10813.78,10.81378,21,7,2021,4.3,0.2,24.3,0.585,NA,0.9031,0.9209,1110,0.161141555,0.787009098,30,0.0393245,0.842528305,0,0,0.64,2.97,0.02,2e-4,0.007075352,0.0071
11,21-07-2051,themistocles,66,111,themistocles111,1,0.253651561,1.506700667,0.743046874,0.842051313,60478.14,2.773441882,3,7.965714,0.007275352,527969.737,527.969737,10813.78,10.81378,21,7,2021,4.3,0.2,24.3,0.585,NA,0.9031,0.9209,1110,0.064022571,0.738860377,31,0.0163086,0.801515957,0,0,0.24,2.97,0.02,2e-4,0.007075352,0.0071
11,21-07-2052,tullia,66,111,tullia111,1,0.596779136,3.207096739,0.792076187,0.878209531,59018.471,2.773441882,3,7.965714,0.007275352,527969.737,527.969737,10813.78,10.81378,21,7,2021,4.3,0.2,24.3,0.585,NA,0.9031,0.9209,1110,0.14486463,0.788433924,32,0.0352388,0.842943951,0,0,0.56,2.97,0.02,2e-4,0.007075352,0.0071
11,21-07-2053,vestris,66,111,vestris111,1,0.755064519,3.896695784,0.776765131,0.871143042,60478.14,2.773441882,3,7.965714,0.007275352,527969.737,527.969737,10813.78,10.81378,21,7,2021,4.3,0.2,24.3,0.585,NA,0.9031,0.9209,1110,0.174163095,0.772774271,33,0.0431718,0.832501924,0,0,0.71,2.97,0.02,2e-4,0.007075352,0.0071
11,26-08-2021,antiopa,102,112,antiopa112,1,17.68250313,57.01614543,0.9376453,1.026317607,60478.14,4.554270098,6,15.931428,0.008050985,527969.737,527.969737,10813.78,10.81378,26,8,2021,6.2,0.02,31.5,0.442,2876,0.9043,0.9472,1110,68.24364217,0.954874227,1,20.3356112,1.024445709,0,0,16.57,2.98,0.02,2e-4,0.007850985,0.0077
11,26-08-2021,aphrodite,102,112,aphrodite112,1,23.64235831,66.35353027,0.97738589,1.07854321,60478.14,4.554270098,6,15.931428,0.008050985,527969.737,527.969737,10813.78,10.81378,26,8,2021,6.2,0.02,31.5,0.442,2876,0.9043,0.9472,1110,77.40432793,0.997040677,2,35.0130894,1.076407795,0,0,22.18,2.98,0.02,2e-4,0.007850985,0.0077
11,26-08-2021,archippus,102,112,archippus112,1,11.67887337,44.72411543,0.869333458,0.962817239,59018.471,4.554270098,6,15.931428,0.008050985,527969.737,527.969737,10813.78,10.81378,26,8,2021,6.2,0.02,31.5,0.442,2876,0.9043,0.9472,1110,34.54269696,0.887497249,3,9.9244497,0.960843769,0,0,0,2.98,0.02,2e-4,0.007850985,0.0077
11,26-08-2021,atalanta,102,112,atalanta112,1,15.88577937,53.96413554,0.909824577,1.011392686,60478.14,4.554270098,6,15.931428,0.008050985,527969.737,527.969737,10813.78,10.81378,26,8,2021,6.2,0.02,31.5,0.442,2876,0.9043,0.9472,1110,62.44617176,0.929559144,4,17.7421287,1.009248553,0,0,14.86,2.98,0.02,2e-4,0.007850985,0.0077
11,26-08-2021,augustinus,102,112,augustinus112,1,63.53537631,92.93998695,1.061634568,1.200524949,31368.587,4.554270098,6,15.931428,0.008050985,527969.737,527.969737,10813.78,10.81378,26,8,2021,6.2,0.02,31.5,0.442,2876,0.9043,0.9472,1110,96.3063673,1.088620809,5,82.4409565,1.197592933,0,0,62.74,2.98,0.02,2e-4,0.007850985,0.0077
11,26-08-2021,baptisiae,102,112,baptisiae112,1,20.77197469,61.61047687,0.932866856,1.090737669,34772.577,4.554270098,6,15.931428,0.008050985,527969.737,527.969737,10813.78,10.81378,26,8,2021,6.2,0.02,31.5,0.442,2876,0.9043,0.9472,1110,73.68848685,0.963540973,6,26.0331261,1.08740497,0,0,19.45,2.98,0.02,2e-4,0.007850985,0.0077
11,26-08-2021,bellona,102,112,bellona112,1,26.05644187,68.77908905,0.989346982,1.095380735,59018.471,4.554270098,6,15.931428,0.008050985,527969.737,527.969737,10813.78,10.81378,26,8,2021,6.2,0.02,31.5,0.442,2876,0.9043,0.9472,1110,80.15654199,1.009949218,7,43.2228658,1.093142332,0,0,24.53,2.98,0.02,2e-4,0.007850985,0.0077
11,26-08-2021,bimacula,102,112,bimacula112,1,24.03761972,66.84891347,0.958367144,1.165895363,59018.471,4.554270098,6,15.931428,0.008050985,527969.737,527.969737,10813.78,10.81378,26,8,2021,6.2,0.02,31.5,0.442,2876,0.9043,0.9472,1110,77.84849552,0.998689638,8,36.3606399,1.161514382,0,0,22.56,2.98,0.02,2e-4,0.007850985,0.0077
11,26-08-2021,cocyta,102,112,cocyta112,1,87.09617567,99.72983962,1.10854136,1.254943687,60478.14,4.554270098,6,15.931428,0.008050985,527969.737,527.969737,10813.78,10.81378,26,8,2021,6.2,0.02,31.5,0.442,2876,0.9043,0.9472,1110,99.97941662,1.136987164,9,97.8673639,1.251853091,0,0,86.8,2.98,0.02,2e-4,0.007850985,0.0077
11,26-08-2021,comyntas,102,112,comyntas112,1,15.96561806,54.11767223,0.905317319,1.013005305,60478.14,4.554270098,6,15.931428,0.008050985,527969.737,527.969737,10813.78,10.81378,26,8,2021,6.2,0.02,31.5,0.442,2876,0.9043,0.9472,1110,62.79554749,0.926240971,10,17.8632537,1.01073198,0,0,14.93,2.98,0.02,2e-4,0.007850985,0.0077
11,26-08-2021,cybele,102,112,cybele112,1,18.6187569,58.40974503,0.937292179,1.0394818,60478.14,4.554270098,6,15.931428,0.008050985,527969.737,527.969737,10813.78,10.81378,26,8,2021,6.2,0.02,31.5,0.442,2876,0.9043,0.9472,1110,70.25214636,0.957147504,11,21.7318821,1.037324547,1,1,17.45,2.98,0.02,2e-4,0.007850985,0.0077
11,26-08-2021,cymela,102,112,cymela112,1,19.30434361,59.42405016,0.923443492,1.062691046,31371.357,4.554270098,6,15.931428,0.008050985,527969.737,527.969737,10813.78,10.81378,26,8,2021,6.2,0.02,31.5,0.442,2876,0.9043,0.9472,1110,71.54131571,0.950499132,12,22.8871931,1.05975149,0,0,18.09,2.98,0.02,2e-4,0.007850985,0.0077
11,26-08-2021,dion,102,112,dion112,1,17.10587673,56.08422584,0.862348932,1.04352715,88904.867,4.554270098,6,15.931428,0.008050985,527969.737,527.969737,10813.78,10.81378,26,8,2021,6.2,0.02,31.5,0.442,2876,0.9043,0.9472,1110,66.76759743,0.897551651,13,19.5186701,1.039702425,0,0,16.02,2.98,0.02,2e-4,0.007850985,0.0077
11,26-08-2021,egeremet,102,112,egeremet112,1,29.16723241,71.19341344,1.001030282,1.21621762,60478.14,4.554270098,6,15.931428,0.008050985,527969.737,527.969737,10813.78,10.81378,26,8,2021,6.2,0.02,31.5,0.442,2876,0.9043,0.9472,1110,83.04633968,1.042840935,14,51.6181849,1.211674953,0,0,27.61,2.98,0.02,2e-4,0.007850985,0.0077
11,26-08-2021,eurytheme,102,112,eurytheme112,1,9.586079868,38.28199394,0.860563298,0.944425483,60478.14,4.554270098,6,15.931428,0.008050985,527969.737,527.969737,10813.78,10.81378,26,8,2021,6.2,0.02,31.5,0.442,2876,0.9043,0.9472,1110,18.80670585,0.876857624,15,5.8459184,0.942655128,0,0,9.12,2.98,0.02,2e-4,0.007850985,0.0077
11,26-08-2021,henrici,102,112,henrici112,1,92.39720039,99.92403411,1.145572721,1.320809442,31371.357,4.554270098,6,15.931428,0.008050985,527969.737,527.969737,10813.78,10.81378,26,8,2021,6.2,0.02,31.5,0.442,2876,0.9043,0.9472,1110,99.99674999,1.179621014,16,99.4708037,1.317110143,0,0,92.22,2.98,0.02,2e-4,0.007850985,0.0077
11,26-08-2021,lineola,102,112,lineola112,1,44.3710192,80.91651242,1.0460754,1.233435862,59018.471,4.554270098,6,15.931428,0.008050985,527969.737,527.969737,10813.78,10.81378,26,8,2021,6.2,0.02,31.5,0.442,2876,0.9043,0.9472,1110,91.2959402,1.082479322,17,70.1218684,1.229480627,0,0,43.14,2.98,0.02,2e-4,0.007850985,0.0077
11,26-08-2021,lucia,102,112,lucia112,1,80.07411881,99.02902753,1.074211295,1.189971125,60478.14,4.554270098,6,15.931428,0.008050985,527969.737,527.969737,10813.78,10.81378,26,8,2021,6.2,0.02,31.5,0.442,2876,0.9043,0.9472,1110,99.65929096,1.096703297,18,27.9223448,1.187527402,0,0,79.63,2.98,0.02,2e-4,0.007850985,0.0077
11,26-08-2021,lucilius,102,112,lucilius112,1,21.4677601,62.76975916,0.939784858,1.102299856,31371.357,4.554270098,6,15.931428,0.008050985,527969.737,527.969737,10813.78,10.81378,26,8,2021,6.2,0.02,31.5,0.442,2876,0.9043,0.9472,1110,74.68515559,0.971361336,19,93.3645725,1.098869117,0,0,20.1,2.98,0.02,2e-4,0.007850985,0.0077
11,26-08-2021,lygdamus,102,112,lygdamus112,1,17.74864114,57.10067085,0.939113281,1.026490625,60478.14,4.554270098,6,15.931428,0.008050985,527969.737,527.969737,10813.78,10.81378,26,8,2021,6.2,0.02,31.5,0.442,2876,0.9043,0.9472,1110,68.38393413,0.956090598,20,20.4304715,1.024646064,0,0,16.63,2.98,0.02,2e-4,0.007850985,0.0077
11,26-08-2021,origenes,102,112,origenes112,1,20.24919869,60.81657982,0.929883421,1.079530859,60478.14,4.554270098,6,15.931428,0.008050985,527969.737,527.969737,10813.78,10.81378,26,8,2021,6.2,0.02,31.5,0.442,2876,0.9043,0.9472,1110,72.96427701,0.958959746,21,24.7770261,1.076371759,0,0,18.97,2.98,0.02,2e-4,0.007850985,0.0077
11,26-08-2021,pegala,102,112,pegala112,1,14.423647,51.23150338,0.90781819,0.995528899,60478.14,4.554270098,6,15.931428,0.008050985,527969.737,527.969737,10813.78,10.81378,26,8,2021,6.2,0.02,31.5,0.442,2876,0.9043,0.9472,1110,55.00148959,0.92486028,22,15.4286192,0.9936773,0,0,13.46,2.98,0.02,2e-4,0.007850985,0.0077
11,26-08-2021,philodice,102,112,philodice112,1,15.58218347,53.43290928,0.918846206,1.006984774,60478.14,4.554270098,6,15.931428,0.008050985,527969.737,527.969737,10813.78,10.81378,26,8,2021,6.2,0.02,31.5,0.442,2876,0.9043,0.9472,1110,61.08008558,0.935971428,23,17.2768894,1.005124143,5,1,14.57,2.98,0.02,2e-4,0.007850985,0.0077
11,26-08-2021,plexippus,102,112,plexippus112,1,16.87616003,55.71456084,0.928500354,1.019835073,59018.471,4.554270098,6,15.931428,0.008050985,527969.737,527.969737,10813.78,10.81378,26,8,2021,6.2,0.02,31.5,0.442,2876,0.9043,0.9472,1110,66.08455434,0.946246585,24,19.1933251,1.017906971,0,0,15.8,2.98,0.02,2e-4,0.007850985,0.0077
11,26-08-2021,polios,102,112,polios112,1,99.87675536,100,1.171313862,1.330181637,59018.471,4.554270098,6,15.931428,0.008050985,527969.737,527.969737,10813.78,10.81378,26,8,2021,6.2,0.02,31.5,0.442,2876,0.9043,0.9472,1110,100,1.202181688,25,99.9834425,1.326827892,0,0,99.87,2.98,0.02,2e-4,0.007850985,0.0077
11,26-08-2021,progne,102,112,progne112,1,45.34852859,81.53654387,1.03181625,1.155896899,34772.577,4.554270098,6,15.931428,0.008050985,527969.737,527.969737,10813.78,10.81378,26,8,2021,6.2,0.02,31.5,0.442,2876,0.9043,0.9472,1110,91.62310755,1.055924977,26,70.8221388,1.15327752,0,0,44.14,2.98,0.02,2e-4,0.007850985,0.0077
11,26-08-2021,rapae,102,112,rapae112,1,14.70914941,51.78519842,0.905516771,0.998267641,31368.587,4.554270098,6,15.931428,0.008050985,527969.737,527.969737,10813.78,10.81378,26,8,2021,6.2,0.02,31.5,0.442,2876,0.9043,0.9472,1110,56.60265959,0.923538158,27,15.8820931,0.996309644,0,0,13.73,2.98,0.02,2e-4,0.007850985,0.0077
11,26-08-2021,sassacus,102,112,sassacus112,1,75.03681672,97.73065277,1.118551111,1.324499763,60478.14,4.554270098,6,15.931428,0.008050985,527969.737,527.969737,10813.78,10.81378,26,8,2021,6.2,0.02,31.5,0.442,2876,0.9043,0.9472,1110,98.98220621,1.158566672,28,89.7796649,1.320152086,0,0,74.48,2.98,0.02,2e-4,0.007850985,0.0077
11,26-08-2021,selene,102,112,selene112,1,24.2538815,67.06129698,0.976856464,1.099726375,59018.471,4.554270098,6,15.931428,0.008050985,527969.737,527.969737,10813.78,10.81378,26,8,2021,6.2,0.02,31.5,0.442,2876,0.9043,0.9472,1110,78.09982937,1.000729946,29,37.1191842,1.097132555,0,0,22.77,2.98,0.02,2e-4,0.007850985,0.0077
11,26-08-2021,tharos,102,112,tharos112,1,15.14926056,52.63794229,0.903350314,1.003097085,60478.14,4.554270098,6,15.931428,0.008050985,527969.737,527.969737,10813.78,10.81378,26,8,2021,6.2,0.02,31.5,0.442,2876,0.9043,0.9472,1110,58.97516453,0.922730997,30,16.5904733,1.000991402,1,1,14.15,2.98,0.02,2e-4,0.007850985,0.0077
11,26-08-2021,themistocles,102,112,themistocles112,1,13.55562013,49.3419856,0.870155957,0.982724061,60478.14,4.554270098,6,15.931428,0.008050985,527969.737,527.969737,10813.78,10.81378,26,8,2021,6.2,0.02,31.5,0.442,2876,0.9043,0.9472,1110,49.46618639,0.89202781,31,13.9048645,0.980347715,0,0,12.64,2.98,0.02,2e-4,0.007850985,0.0077
11,26-08-2021,tullia,102,112,tullia112,1,14.92596413,52.23564405,0.902660425,1.000594088,59018.471,4.554270098,6,15.931428,0.008050985,527969.737,527.969737,10813.78,10.81378,26,8,2021,6.2,0.02,31.5,0.442,2876,0.9043,0.9472,1110,57.81545378,0.921688794,32,16.2368976,0.998526656,9,1,13.94,2.98,0.02,2e-4,0.007850985,0.0077
11,26-08-2021,vestris,102,112,vestris112,1,15.30743271,52.92094198,0.897934342,1.005242082,60478.14,4.554270098,6,15.931428,0.008050985,527969.737,527.969737,10813.78,10.81378,26,8,2021,6.2,0.02,31.5,0.442,2876,0.9043,0.9472,1110,59.77683287,0.918784112,33,16.8440279,1.002976784,0,0,14.3,2.98,0.02,2e-4,0.007850985,0.0077
12,10-06-2021,antiopa,25,121,antiopa121,1,28.61310934,87.19116855,0.920481948,1.101005453,65648.48832,1.589248485,3,7.965714,0.006260984,568996.361,568.996361,7440.335,7.440335,10,6,2021,3.5,0,25.7,0.26,3258,0.8484,0.9653,1210,77.71913352,0.91136651,1,26.793952,1.075457301,0,0,22.74,12.51,0.08,8e-4,0.00546098399999999,0.0055
12,10-06-2021,aphrodite,25,121,aphrodite121,1,33.19220533,92.05913563,0.957805948,1.163747064,65648.48832,1.589248485,3,7.965714,0.006260984,568996.361,568.996361,7440.335,7.440335,10,6,2021,3.5,0,25.7,0.26,3258,0.8484,0.9653,1210,89.90294067,0.9474071,2,32.7140748,1.134601795,0,0,27.13,12.51,0.08,8e-4,0.00546098399999999,0.0055
12,10-06-2021,archippus,25,121,archippus121,1,19.31867915,66.82204308,0.851238801,1.041557744,64294.68832,1.589248485,3,7.965714,0.006260984,568996.361,568.996361,7440.335,7.440335,10,6,2021,3.5,0,25.7,0.26,3258,0.8484,0.9653,1210,60.5940231,0.841628747,3,18.2357027,1.014623316,0,0,0,12.51,0.08,8e-4,0.00546098399999999,0.0055
12,10-06-2021,atalanta,25,121,atalanta121,1,26.32291299,84.28938903,0.890165123,1.096942543,65648.48832,1.589248485,3,7.965714,0.006260984,568996.361,568.996361,7440.335,7.440335,10,6,2021,3.5,0,25.7,0.26,3258,0.8484,0.9653,1210,72.84394393,0.879724008,4,24.536012,1.067678869,0,0,20.91,12.51,0.08,8e-4,0.00546098399999999,0.0055
12,10-06-2021,augustinus,25,121,augustinus121,1,40.98683976,95.24703738,1.03475104,1.317511004,33095.38111,1.589248485,3,7.965714,0.006260984,568996.361,568.996361,7440.335,7.440335,10,6,2021,3.5,0,25.7,0.26,3258,0.8484,0.9653,1210,93.66808709,1.020473227,5,40.5760989,1.277494084,0,0,35.03,12.51,0.08,8e-4,0.00546098399999999,0.0055
12,10-06-2021,baptisiae,25,121,baptisiae121,1,31.2721458,90.40073781,0.902309489,1.223710762,36859.14111,1.589248485,3,7.965714,0.006260984,568996.361,568.996361,7440.335,7.440335,10,6,2021,3.5,0,25.7,0.26,3258,0.8484,0.9653,1210,85.5283261,0.886080503,6,30.1681379,1.178225224,0,0,25.29,12.51,0.08,8e-4,0.00546098399999999,0.0055
12,10-06-2021,bellona,25,121,bellona121,1,34.38483695,92.95250371,0.968823161,1.184691963,64294.68832,1.589248485,3,7.965714,0.006260984,568996.361,568.996361,7440.335,7.440335,10,6,2021,3.5,0,25.7,0.26,3258,0.8484,0.9653,1210,91.20299123,0.957922981,7,34.2651726,1.154141653,0,0,28.29,12.51,0.08,8e-4,0.00546098399999999,0.0055
12,10-06-2021,bimacula,25,121,bimacula121,1,33.41674312,92.24303167,0.918198123,1.34069442,64294.68832,1.589248485,3,7.965714,0.006260984,568996.361,568.996361,7440.335,7.440335,10,6,2021,3.5,0,25.7,0.26,3258,0.8484,0.9653,1210,90.25628774,0.896864398,8,33.0100546,1.280901653,0,0,27.35,12.51,0.08,8e-4,0.00546098399999999,0.0055
12,10-06-2021,cocyta,25,121,cocyta121,1,49.10898086,96.30430072,1.080203826,1.378256982,65648.48832,1.589248485,3,7.965714,0.006260984,568996.361,568.996361,7440.335,7.440335,10,6,2021,3.5,0,25.7,0.26,3258,0.8484,0.9653,1210,95.25370431,1.065153791,9,45.3375077,1.33607573,3,1,43.79,12.51,0.08,8e-4,0.00546098399999999,0.0055
12,10-06-2021,comyntas,25,121,comyntas121,1,26.43580999,84.42772774,0.884473306,1.103709877,65648.48832,1.589248485,3,7.965714,0.006260984,568996.361,568.996361,7440.335,7.440335,10,6,2021,3.5,0,25.7,0.26,3258,0.8484,0.9653,1210,73.05450768,0.873403072,10,24.6415338,1.072682952,0,0,20.99,12.51,0.08,8e-4,0.00546098399999999,0.0055
12,10-06-2021,cybele,25,121,cybele121,1,29.4891755,88.31232326,0.917512425,1.125555151,65648.48832,1.589248485,3,7.965714,0.006260984,568996.361,568.996361,7440.335,7.440335,10,6,2021,3.5,0,25.7,0.26,3258,0.8484,0.9653,1210,80.46035124,0.907007419,11,27.8790762,1.096112408,0,0,23.57,12.51,0.08,8e-4,0.00546098399999999,0.0055
12,10-06-2021,cymela,25,121,cymela121,1,30.08919917,89.06957493,0.896490831,1.179977944,33098.12111,1.589248485,3,7.965714,0.006260984,568996.361,568.996361,7440.335,7.440335,10,6,2021,3.5,0,25.7,0.26,3258,0.8484,0.9653,1210,82.21430833,0.8821763,12,28.6345055,1.139858116,0,0,24.15,12.51,0.08,8e-4,0.00546098399999999,0.0055
12,10-06-2021,dion,25,121,dion121,1,27.99521505,86.4016934,0.827280199,1.19613185,94606.98932,1.589248485,3,7.965714,0.006260984,568996.361,568.996361,7440.335,7.440335,10,6,2021,3.5,0,25.7,0.26,3258,0.8484,0.9653,1210,76.03851261,0.808655232,13,26.1011713,1.143931012,0,0,22.19,12.51,0.08,8e-4,0.00546098399999999,0.0055
12,10-06-2021,egeremet,25,121,egeremet121,1,35.41833486,93.47919086,0.959378768,1.39746788,65648.48832,1.589248485,3,7.965714,0.006260984,568996.361,568.996361,7440.335,7.440335,10,6,2021,3.5,0,25.7,0.26,3258,0.8484,0.9653,1210,91.7874584,0.937257692,14,35.5677431,1.335468378,0,0,29.31,12.51,0.08,8e-4,0.00546098399999999,0.0055
12,10-06-2021,eurytheme,25,121,eurytheme121,1,16.00499405,58.82284311,0.84433099,1.015061809,65648.48832,1.589248485,3,7.965714,0.006260984,568996.361,568.996361,7440.335,7.440335,10,6,2021,3.5,0,25.7,0.26,3258,0.8484,0.9653,1210,53.731534,0.835710029,15,15.1558757,0.990899542,0,0,13.49,12.51,0.08,8e-4,0.00546098399999999,0.0055
12,10-06-2021,henrici,25,121,henrici121,1,52.54111461,96.52153139,1.11165402,1.468409674,33098.12111,1.589248485,3,7.965714,0.006260984,568996.361,568.996361,7440.335,7.440335,10,6,2021,3.5,0,25.7,0.26,3258,0.8484,0.9653,1210,95.73872317,1.093639834,16,47.1268807,1.417920693,0,0,47.5,12.51,0.08,8e-4,0.00546098399999999,0.0055
12,10-06-2021,lineola,25,121,lineola121,1,38.09414783,94.47145167,1.009810037,1.391247806,64294.68832,1.589248485,3,7.965714,0.006260984,568996.361,568.996361,7440.335,7.440335,10,6,2021,3.5,0,25.7,0.26,3258,0.8484,0.9653,1210,92.78305267,0.99054954,17,38.158012,1.337265748,0,0,32.02,12.51,0.08,8e-4,0.00546098399999999,0.0055
12,10-06-2021,lucia,25,121,lucia121,1,45.49854604,95.98651059,1.051804901,1.287474536,65648.48832,1.589248485,3,7.965714,0.006260984,568996.361,568.996361,7440.335,7.440335,10,6,2021,3.5,0,25.7,0.26,3258,0.8484,0.9653,1210,94.66257021,1.039904888,18,30.8569879,1.254121961,0,0,39.86,12.51,0.08,8e-4,0.00546098399999999,0.0055
12,10-06-2021,lucilius,25,121,lucilius121,1,31.79128562,90.90742418,0.908328566,1.239184702,33098.12111,1.589248485,3,7.965714,0.006260984,568996.361,568.996361,7440.335,7.440335,10,6,2021,3.5,0,25.7,0.26,3258,0.8484,0.9653,1210,86.95338152,0.891622162,19,43.5512551,1.192361088,0,0,25.79,12.51,0.08,8e-4,0.00546098399999999,0.0055
12,10-06-2021,lygdamus,25,121,lygdamus121,1,28.67632518,87.26617146,0.922200582,1.100087736,65648.48832,1.589248485,3,7.965714,0.006260984,568996.361,568.996361,7440.335,7.440335,10,6,2021,3.5,0,25.7,0.26,3258,0.8484,0.9653,1210,77.9119188,0.913218265,20,26.8727692,1.074912687,0,0,22.8,12.51,0.08,8e-4,0.00546098399999999,0.0055
12,10-06-2021,origenes,25,121,origenes121,1,30.85751474,89.96072069,0.900917765,1.205577482,65648.48832,1.589248485,3,7.965714,0.006260984,568996.361,568.996361,7440.335,7.440335,10,6,2021,3.5,0,25.7,0.26,3258,0.8484,0.9653,1210,84.37272561,0.885534135,21,29.6287366,1.162461252,0,0,24.9,12.51,0.08,8e-4,0.00546098399999999,0.0055
12,10-06-2021,pegala,25,121,pegala121,1,24.0132656,79.85532771,0.890840966,1.069406799,65648.48832,1.589248485,3,7.965714,0.006260984,568996.361,568.996361,7440.335,7.440335,10,6,2021,3.5,0,25.7,0.26,3258,0.8484,0.9653,1210,69.01268383,0.881824379,22,22.4317755,1.044135701,0,0,19.24,12.51,0.08,8e-4,0.00546098399999999,0.0055
12,10-06-2021,philodice,25,121,philodice121,1,25.87501256,83.61714067,0.901786164,1.081223057,65648.48832,1.589248485,3,7.965714,0.006260984,568996.361,568.996361,7440.335,7.440335,10,6,2021,3.5,0,25.7,0.26,3258,0.8484,0.9653,1210,72.05780225,0.892725594,23,24.1334567,1.055828685,0,0,20.57,12.51,0.08,8e-4,0.00546098399999999,0.0055
12,10-06-2021,plexippus,25,121,plexippus121,1,27.71459346,86.04223498,0.910821668,1.096765444,64294.68832,1.589248485,3,7.965714,0.006260984,568996.361,568.996361,7440.335,7.440335,10,6,2021,3.5,0,25.7,0.26,3258,0.8484,0.9653,1210,75.44348947,0.901432536,24,25.8238726,1.070450201,0,0,21.96,12.51,0.08,8e-4,0.00546098399999999,0.0055
12,10-06-2021,polios,25,121,polios121,1,60.57767119,97.25878229,1.140563523,1.463994462,64294.68832,1.589248485,3,7.965714,0.006260984,568996.361,568.996361,7440.335,7.440335,10,6,2021,3.5,0,25.7,0.26,3258,0.8484,0.9653,1210,97.45267872,1.124232051,25,54.1582649,1.41822168,0,0,56.22,12.51,0.08,8e-4,0.00546098399999999,0.0055
12,10-06-2021,progne,25,121,progne121,1,38.2263743,94.51089765,1.007799284,1.260408856,36859.14111,1.589248485,3,7.965714,0.006260984,568996.361,568.996361,7440.335,7.440335,10,6,2021,3.5,0,25.7,0.26,3258,0.8484,0.9653,1210,92.82027634,0.995043898,26,38.2749613,1.224658897,0,0,32.16,12.51,0.08,8e-4,0.00546098399999999,0.0055
12,10-06-2021,rapae,25,121,rapae121,1,24.47389024,80.894812580000007,0.887563976,1.076390823,33095.38111,1.589248485,3,7.965714,0.006260984,568996.361,568.996361,7440.335,7.440335,10,6,2021,3.5,0,25.7,0.26,3258,0.8484,0.9653,1210,69.74882357,0.878029265,27,22.8639125,1.04966756,0,0,19.57,12.51,0.08,8e-4,0.00546098399999999,0.0055
12,10-06-2021,sassacus,25,121,sassacus121,1,43.67975343,95.7064997,1.07868783,1.497968366,65648.48832,1.589248485,3,7.965714,0.006260984,568996.361,568.996361,7440.335,7.440335,10,6,2021,3.5,0,25.7,0.26,3258,0.8484,0.9653,1210,94.30588967,1.05751645,28,42.4978604,1.438630655,0,0,37.89,12.51,0.08,8e-4,0.00546098399999999,0.0055
12,10-06-2021,selene,25,121,selene121,1,33.53786629,92.33470191,0.953073848,1.203218538,64294.68832,1.589248485,3,7.965714,0.006260984,568996.361,568.996361,7440.335,7.440335,10,6,2021,3.5,0,25.7,0.26,3258,0.8484,0.9653,1210,90.41684954,0.940442925,29,33.1682157,1.167817416,0,0,27.47,12.51,0.08,8e-4,0.00546098399999999,0.0055
12,10-06-2021,tharos,25,121,tharos121,1,25.1924436,82.37931475,0.884043397,1.087112848,65648.48832,1.589248485,3,7.965714,0.006260984,568996.361,568.996361,7440.335,7.440335,10,6,2021,3.5,0,25.7,0.26,3258,0.8484,0.9653,1210,70.92275811,0.873789514,30,23.5255311,1.058373935,0,0,20.08,12.51,0.08,8e-4,0.00546098399999999,0.0055
12,10-06-2021,themistocles,25,121,themistocles121,1,22.56177322,76.16907324,0.848367351,1.077539111,65648.48832,1.589248485,3,7.965714,0.006260984,568996.361,568.996361,7440.335,7.440335,10,6,2021,3.5,0,25.7,0.26,3258,0.8484,0.9653,1210,66.51036429,0.836795446,31,21.1183854,1.045106132,2,1,18.22,12.51,0.08,8e-4,0.00546098399999999,0.0055
12,10-06-2021,tullia,25,121,tullia121,1,24.83426104,81.66762041,0.883704452,1.083082686,64294.68832,1.589248485,3,7.965714,0.006260984,568996.361,568.996361,7440.335,7.440335,10,6,2021,3.5,0,25.7,0.26,3258,0.8484,0.9653,1210,70.33773536,0.873636925,32,23.196444,1.054866137,3,1,19.83,12.51,0.08,8e-4,0.00546098399999999,0.0055
12,10-06-2021,vestris,25,121,vestris121,1,25.44445597,82.87822304,0.877163929,1.095626376,65648.48832,1.589248485,3,7.965714,0.006260984,568996.361,568.996361,7440.335,7.440335,10,6,2021,3.5,0,25.7,0.26,3258,0.8484,0.9653,1210,71.3316629,0.866132784,33,23.7525003,1.064709007,0,0,20.26,12.51,0.08,8e-4,0.00546098399999999,0.0055
12,16-08-2021,antiopa,92,122,antiopa122,1,19.44393028,76.22573304,0.921546206,1.088883262,65648.48832,2,2,5.310476,0.007639966,568996.361,568.996361,7440.335,7.440335,16,8,2021,3,0.25,30.8,0.315,2837,0.8442,0.9563,1210,80.26423665,0.92573826,1,19.7710808,1.075401541,0,0,15.73,11.43,0.09,9e-4,0.006739966,0.0066
12,16-08-2021,aphrodite,92,122,aphrodite122,1,26.64504869,87.90163649,0.959020053,1.149918074,65648.48832,2,2,5.310476,0.007639966,568996.361,568.996361,7440.335,7.440335,16,8,2021,3,0.25,30.8,0.315,2837,0.8442,0.9563,1210,90.83093286,0.963802381,2,26.5142547,1.134538185,0,0,22.25,11.43,0.09,9e-4,0.006739966,0.0066
12,16-08-2021,archippus,92,122,archippus122,1,12.25615617,63.2748277,0.852360807,1.028777787,64294.68832,2,2,5.310476,0.007639966,568996.361,568.996361,7440.335,7.440335,16,8,2021,3,0.25,30.8,0.315,2837,0.8442,0.9563,1210,52.78528695,0.856780327,3,11.6049347,1.014564531,0,0,0,11.43,0.09,9e-4,0.006739966,0.0066
12,16-08-2021,atalanta,92,122,atalanta122,1,17.2533797,72.23250547,0.891384159,1.083057395,65648.48832,2,2,5.310476,0.007639966,568996.361,568.996361,7440.335,7.440335,16,8,2021,3,0.25,30.8,0.315,2837,0.8442,0.9563,1210,72.92543762,0.896185872,4,17.3408958,1.067615,0,0,13.71,11.43,0.09,9e-4,0.006739966,0.0066
12,16-08-2021,augustinus,92,122,augustinus122,1,42.15006074,95.45909868,1.036418023,1.298523613,33095.38111,2,2,5.310476,0.007639966,568996.361,568.996361,7440.335,7.440335,16,8,2021,3,0.25,30.8,0.315,2837,0.8442,0.9563,1210,97.16928872,1.042984176,5,45.5278894,1.277406746,0,0,36.5,11.43,0.09,9e-4,0.006739966,0.0066
12,16-08-2021,baptisiae,92,122,baptisiae122,1,23.29884236,83.07002167,0.904204277,1.202128599,36859.14111,2,2,5.310476,0.007639966,568996.361,568.996361,7440.335,7.440335,16,8,2021,3,0.25,30.8,0.315,2837,0.8442,0.9563,1210,87.11832484,0.911667745,6,23.4257953,1.178125951,0,0,19.29,11.43,0.09,9e-4,0.006739966,0.0066
12,16-08-2021,bellona,92,122,bellona122,1,28.9109962,90.22135601,0.970095794,1.170196327,64294.68832,2,2,5.310476,0.007639966,568996.361,568.996361,7440.335,7.440335,16,8,2021,3,0.25,30.8,0.315,2837,0.8442,0.9563,1210,92.57589187,0.975108623,7,28.6598387,1.154074976,0,0,24.18,11.43,0.09,9e-4,0.006739966,0.0066
12,16-08-2021,bimacula,92,122,bimacula122,1,27.05097355,88.40140239,0.920688907,1.312323705,64294.68832,2,2,5.310476,0.007639966,568996.361,568.996361,7440.335,7.440335,16,8,2021,3,0.25,30.8,0.315,2837,0.8442,0.9563,1210,91.17106138,0.930499968,8,26.8980936,1.280771154,0,0,22.6,11.43,0.09,9e-4,0.006739966,0.0066
12,16-08-2021,cocyta,92,122,cocyta122,1,56.71325691,98.42448526,1.081960968,1.35824265,65648.48832,2,2,5.310476,0.007639966,568996.361,568.996361,7440.335,7.440335,16,8,2021,3,0.25,30.8,0.315,2837,0.8442,0.9563,1210,99.75404387,1.088882254,9,67.7701483,1.335983669,2,1,52.21,11.43,0.09,9e-4,0.006739966,0.0066
12,16-08-2021,comyntas,92,122,comyntas122,1,17.34920697,72.39582766,0.885765793,1.088988095,65648.48832,2,2,5.310476,0.007639966,568996.361,568.996361,7440.335,7.440335,16,8,2021,3,0.25,30.8,0.315,2837,0.8442,0.9563,1210,73.37026368,0.890856828,10,17.4574514,1.072615235,1,1,13.8,11.43,0.09,9e-4,0.006739966,0.0066
12,16-08-2021,cybele,92,122,cybele122,1,20.59677148,78.28522587,0.91873892,1.111585038,65648.48832,2,2,5.310476,0.007639966,568996.361,568.996361,7440.335,7.440335,16,8,2021,3,0.25,30.8,0.315,2837,0.8442,0.9563,1210,82.7697762,0.923570015,11,20.9188889,1.096048148,0,0,16.8,11.43,0.09,9e-4,0.006739966,0.0066
12,16-08-2021,cymela,92,122,cymela122,1,21.47603805,79.84440839,0.8981621,1.160941724,33098.12111,2,2,5.310476,0.007639966,568996.361,568.996361,7440.335,7.440335,16,8,2021,3,0.25,30.8,0.315,2837,0.8442,0.9563,1210,84.40117439,0.904745139,12,21.7572616,1.139770553,0,0,17.61,11.43,0.09,9e-4,0.006739966,0.0066
12,16-08-2021,dion,92,122,dion122,1,18.74443091,74.9774071,0.829454727,1.171363384,94606.98932,2,2,5.310476,0.007639966,568996.361,568.996361,7440.335,7.440335,16,8,2021,3,0.25,30.8,0.315,2837,0.8442,0.9563,1210,78.51872369,0.838020071,13,19.0526411,1.143817082,0,0,15.08,11.43,0.09,9e-4,0.006739966,0.0066
12,16-08-2021,egeremet,92,122,egeremet122,1,31.05290467,91.86002199,0.961961478,1.368050104,65648.48832,2,2,5.310476,0.007639966,568996.361,568.996361,7440.335,7.440335,16,8,2021,3,0.25,30.8,0.315,2837,0.8442,0.9563,1210,93.58962996,0.97213463,14,30.6981053,1.335333062,0,0,25.99,11.43,0.09,9e-4,0.006739966,0.0066
12,16-08-2021,eurytheme,92,122,eurytheme122,1,9.700243409,53.42922161,0.845337517,1.003597198,65648.48832,2,2,5.310476,0.007639966,568996.361,568.996361,7440.335,7.440335,16,8,2021,3,0.25,30.8,0.315,2837,0.8442,0.9563,1210,46.08021272,0.849302168,15,9.2702458,0.990846807,0,0,7.49,11.43,0.09,9e-4,0.006739966,0.0066
12,16-08-2021,henrici,92,122,henrici122,1,63.37454392,99.30588069,1.113757237,1.444453457,33098.12111,2,2,5.310476,0.007639966,568996.361,568.996361,7440.335,7.440335,16,8,2021,3,0.25,30.8,0.315,2837,0.8442,0.9563,1210,99.90028806,1.122041692,16,74.286403,1.4178105,0,0,59.54,11.43,0.09,9e-4,0.006739966,0.0066
12,16-08-2021,lineola,92,122,lineola122,1,36.42807309,94.23527106,1.012058765,1.365634179,64294.68832,2,2,5.310476,0.007639966,568996.361,568.996361,7440.335,7.440335,16,8,2021,3,0.25,30.8,0.315,2837,0.8442,0.9563,1210,95.34179038,1.020916379,17,36.9005539,1.337147931,0,0,30.89,11.43,0.09,9e-4,0.006739966,0.0066
12,16-08-2021,lucia,92,122,lucia122,1,50.53779499,97.15492743,1.053194267,1.27164927,65648.48832,2,2,5.310476,0.007639966,568996.361,568.996361,7440.335,7.440335,16,8,2021,3,0.25,30.8,0.315,2837,0.8442,0.9563,1210,99.34577886,1.058666905,18,24.2157577,1.254049168,0,0,45.43,11.43,0.09,9e-4,0.006739966,0.0066
12,16-08-2021,lucilius,92,122,lucilius122,1,24.1718838,84.52141154,0.910279095,1.216967643,33098.12111,2,2,5.310476,0.007639966,568996.361,568.996361,7440.335,7.440335,16,8,2021,3,0.25,30.8,0.315,2837,0.8442,0.9563,1210,88.21626413,0.91796212,19,59.6295981,1.192258894,0,0,20.08,11.43,0.09,9e-4,0.006739966,0.0066
12,16-08-2021,lygdamus,92,122,lygdamus122,1,19.52240666,76.36945657,0.923249297,1.088142576,65648.48832,2,2,5.310476,0.007639966,568996.361,568.996361,7440.335,7.440335,16,8,2021,3,0.25,30.8,0.315,2837,0.8442,0.9563,1210,80.46089076,0.927380131,20,19.8532657,1.074857742,0,0,15.81,11.43,0.09,9e-4,0.006739966,0.0066
12,16-08-2021,origenes,92,122,origenes122,1,22.64401161,81.91860022,0.902713855,1.185119517,65648.48832,2,2,5.310476,0.007639966,568996.361,568.996361,7440.335,7.440335,16,8,2021,3,0.25,30.8,0.315,2837,0.8442,0.9563,1210,86.17715489,0.909788557,21,22.8294079,1.16236715,0,0,18.69,11.43,0.09,9e-4,0.006739966,0.0066
12,16-08-2021,pegala,92,122,pegala122,1,15.47951551,69.02376882,0.891893682,1.057416066,65648.48832,2,2,5.310476,0.007639966,568996.361,568.996361,7440.335,7.440335,16,8,2021,3,0.25,30.8,0.315,2837,0.8442,0.9563,1210,65.05262575,0.896040276,22,15.235444,1.044080546,0,0,12.13,11.43,0.09,9e-4,0.006739966,0.0066
12,16-08-2021,philodice,92,122,philodice122,1,16.89003737,71.53348649,0.902844016,1.069173832,65648.48832,2,2,5.310476,0.007639966,568996.361,568.996361,7440.335,7.440335,16,8,2021,3,0.25,30.8,0.315,2837,0.8442,0.9563,1210,71.24473743,0.907010837,23,16.8926533,1.055773261,2,1,13.38,11.43,0.09,9e-4,0.006739966,0.0066
12,16-08-2021,plexippus,92,122,plexippus122,1,18.47231324,74.48199645,0.911917881,1.08427928,64294.68832,2,2,5.310476,0.007639966,568996.361,568.996361,7440.335,7.440335,16,8,2021,3,0.25,30.8,0.315,2837,0.8442,0.9563,1210,77.72435187,0.916235802,24,18.7589673,1.070392767,0,0,14.83,11.43,0.09,9e-4,0.006739966,0.0066
12,16-08-2021,polios,92,122,polios122,1,82.18970291,99.99510033,1.142470278,1.442276006,64294.68832,2,2,5.310476,0.007639966,568996.361,568.996361,7440.335,7.440335,16,8,2021,3,0.25,30.8,0.315,2837,0.8442,0.9563,1210,100,1.149980878,25,87.4796731,1.41812178,0,0,80.29,11.43,0.09,9e-4,0.006739966,0.0066
12,16-08-2021,progne,92,122,progne122,1,36.6786677,94.30441079,1.009288518,1.243446069,36859.14111,2,2,5.310476,0.007639966,568996.361,568.996361,7440.335,7.440335,16,8,2021,3,0.25,30.8,0.315,2837,0.8442,0.9563,1210,95.40327942,1.015154529,26,37.2482671,1.224580871,0,0,31.13,11.43,0.09,9e-4,0.006739966,0.0066
12,16-08-2021,rapae,92,122,rapae122,1,15.82335464,69.64493756,0.888677185,1.06371106,33095.38111,2,2,5.310476,0.007639966,568996.361,568.996361,7440.335,7.440335,16,8,2021,3,0.25,30.8,0.315,2837,0.8442,0.9563,1210,66.44637713,0.893062056,27,15.6261372,1.049609236,0,0,12.43,11.43,0.09,9e-4,0.006739966,0.0066
12,16-08-2021,sassacus,92,122,sassacus122,1,47.3364885,96.4814956,1.081159656,1.469813589,65648.48832,2,2,5.310476,0.007639966,568996.361,568.996361,7440.335,7.440335,16,8,2021,3,0.25,30.8,0.315,2837,0.8442,0.9563,1210,98.89762907,1.090896017,28,54.4420776,1.43850115,0,0,41.96,11.43,0.09,9e-4,0.006739966,0.0066
12,16-08-2021,selene,92,122,selene122,1,27.27027696,88.64257483,0.954548551,1.18642127,64294.68832,2,2,5.310476,0.007639966,568996.361,568.996361,7440.335,7.440335,16,8,2021,3,0.25,30.8,0.315,2837,0.8442,0.9563,1210,91.35331265,0.960357323,29,27.1064368,1.167740152,0,0,22.79,11.43,0.09,9e-4,0.006739966,0.0066
12,16-08-2021,tharos,92,122,tharos122,1,16.36242445,70.58295134,0.885240573,1.073476691,65648.48832,2,2,5.310476,0.007639966,568996.361,568.996361,7440.335,7.440335,16,8,2021,3,0.25,30.8,0.315,2837,0.8442,0.9563,1210,68.77575892,0.88995618,30,16.2559019,1.058311211,0,0,12.9,11.43,0.09,9e-4,0.006739966,0.0066
12,16-08-2021,themistocles,92,122,themistocles122,1,14.45230275,67.30888582,0.84971841,1.062150179,65648.48832,2,2,5.310476,0.007639966,568996.361,568.996361,7440.335,7.440335,16,8,2021,3,0.25,30.8,0.315,2837,0.8442,0.9563,1210,60.80101928,0.855040157,31,14.0611129,1.045035346,0,0,11.2,11.43,0.09,9e-4,0.006739966,0.0066
12,16-08-2021,tullia,92,122,tullia122,1,16.0876909,70.12456039,0.884879866,1.069694396,64294.68832,2,2,5.310476,0.007639966,568996.361,568.996361,7440.335,7.440335,16,8,2021,3,0.25,30.8,0.315,2837,0.8442,0.9563,1210,67.59971194,0.889509727,32,15.936003,1.054804553,9,1,12.66,11.43,0.09,9e-4,0.006739966,0.0066
12,16-08-2021,vestris,92,122,vestris122,1,16.55599952,70.92973879,0.878451852,1.080956577,65648.48832,2,2,5.310476,0.007639966,568996.361,568.996361,7440.335,7.440335,16,8,2021,3,0.25,30.8,0.315,2837,0.8442,0.9563,1210,69.67704409,0.883524911,33,16.4877218,1.064641529,0,0,13.08,11.43,0.09,9e-4,0.006739966,0.0066
13,21-07-2021,antiopa,66,131,antiopa131,1,0.638519979,5.048514495,0.806841418,0.885506854,68118.27932,1,1,4.699871,0.008224774,588861.599,588.861599,5763.637,5.763637,21,7,2021,4.6,0.35,25.9,0.503,3003,0.8788,0.9325,1310,0.229282673,0.799444403,1,0.0368365,0.843252168,0,0,0.2,10.79,0.09,9e-4,0.007324774,0.0073
13,21-07-2021,aphrodite,66,131,aphrodite131,1,2.951171967,14.57153136,0.828164893,0.91790638,68118.27932,1,1,4.699871,0.008224774,588861.599,588.861599,5763.637,5.763637,21,7,2021,4.6,0.35,25.9,0.503,3003,0.8788,0.9325,1310,2.08018987,0.819726416,2,0.3718709,0.869702289,0,0,1.03,10.79,0.09,9e-4,0.007324774,0.0073
13,21-07-2021,archippus,66,131,archippus131,1,0.021210722,0.184714846,0.731431989,0.814365913,66722.31932,1,1,4.699871,0.008224774,588861.599,588.861599,5763.637,5.763637,21,7,2021,4.6,0.35,25.9,0.503,3003,0.8788,0.9325,1310,0.001073924,0.723633602,3,5.35e-4,0.769818433,0,0,0,10.79,0.09,9e-4,0.007324774,0.0073
13,21-07-2021,atalanta,66,131,atalanta131,1,0.273422252,2.502241815,0.759997611,0.850103527,68118.27932,1,1,4.699871,0.008224774,588861.599,588.861599,5763.637,5.763637,21,7,2021,4.6,0.35,25.9,0.503,3003,0.8788,0.9325,1310,0.064972373,0.751524832,4,0.0133384,0.801703653,0,0,0.13,10.79,0.09,9e-4,0.007324774,0.0073
13,21-07-2021,augustinus,66,131,augustinus131,1,9.666890657,44.94047779,0.856752102,0.979968388,34456.47671,1,1,4.699871,0.008224774,588861.599,588.861599,5763.637,5.763637,21,7,2021,4.6,0.35,25.9,0.503,3003,0.8788,0.9325,1310,13.0374316,0.845165911,5,4.1870382,0.91378347,0,0,4.6,10.79,0.09,9e-4,0.007324774,0.0073
13,21-07-2021,baptisiae,66,131,baptisiae131,1,1.615579721,8.997868262,0.699985635,0.840040369,38262.44071,1,1,4.699871,0.008224774,588861.599,588.861599,5763.637,5.763637,21,7,2021,4.6,0.35,25.9,0.503,3003,0.8788,0.9325,1310,0.885986909,0.686816103,6,0.1511487,0.764810775,0,0,0.49,10.79,0.09,9e-4,0.007324774,0.0073
13,21-07-2021,bellona,66,131,bellona131,1,4.102224987,21.52733404,0.832932574,0.927000177,66722.31932,1,1,4.699871,0.008224774,588861.599,588.861599,5763.637,5.763637,21,7,2021,4.6,0.35,25.9,0.503,3003,0.8788,0.9325,1310,3.429037818,0.824087272,7,0.6286573,0.876472305,0,0,1.61,10.79,0.09,9e-4,0.007324774,0.0073
13,21-07-2021,bimacula,66,131,bimacula131,1,3.14596007,15.59175871,0.652234401,0.83634259,66722.31932,1,1,4.699871,0.008224774,588861.599,588.861599,5763.637,5.763637,21,7,2021,4.6,0.35,25.9,0.503,3003,0.8788,0.9325,1310,2.282087493,0.634922465,8,0.4106087,0.737449936,0,0,1.13,10.79,0.09,9e-4,0.007324774,0.0073
13,21-07-2021,cocyta,66,131,cocyta131,1,14.31697018,56.41857243,0.892577739,1.022458231,68118.27932,1,1,4.699871,0.008224774,588861.599,588.861599,5763.637,5.763637,21,7,2021,4.6,0.35,25.9,0.503,3003,0.8788,0.9325,1310,28.96318053,0.880364905,9,9.1758357,0.952693672,0,0,8.03,10.79,0.09,9e-4,0.007324774,0.0073
13,21-07-2021,comyntas,66,131,comyntas131,1,0.284621751,2.606949359,0.746462689,0.841997841,68118.27932,1,1,4.699871,0.008224774,588861.599,588.861599,5763.637,5.763637,21,7,2021,4.6,0.35,25.9,0.503,3003,0.8788,0.9325,1310,0.06712022,0.737479392,10,0.013784,0.790681684,0,0,0.14,10.79,0.09,9e-4,0.007324774,0.0073
13,21-07-2021,cybele,66,131,cybele131,1,0.883898923,6.113846633,0.786548395,0.877205685,68118.27932,1,1,4.699871,0.008224774,588861.599,588.861599,5763.637,5.763637,21,7,2021,4.6,0.35,25.9,0.503,3003,0.8788,0.9325,1310,0.374799311,0.77802377,11,0.0594435,0.828509644,0,0,0.26,10.79,0.09,9e-4,0.007324774,0.0073
13,21-07-2021,cymela,66,131,cymela131,1,1.088133819,6.963320142,0.718034148,0.841567299,34459.20671,1,1,4.699871,0.008224774,588861.599,588.861599,5763.637,5.763637,21,7,2021,4.6,0.35,25.9,0.503,3003,0.8788,0.9325,1310,0.507965828,0.706418162,12,0.0828822,0.775212178,0,0,0.31,10.79,0.09,9e-4,0.007324774,0.0073
13,21-07-2021,dion,66,131,dion131,1,0.510750628,4.415973539,0.595086075,0.75581792,98622.55432,1,1,4.699871,0.008224774,588861.599,588.861599,5763.637,5.763637,21,7,2021,4.6,0.35,25.9,0.503,3003,0.8788,0.9325,1310,0.163773338,0.579972247,13,0.0275383,0.669481735,0,0,0.18,10.79,0.09,9e-4,0.007324774,0.0073
13,21-07-2021,egeremet,66,131,egeremet131,1,5.214183735,29.30844695,0.683599284,0.874502242,68118.27932,1,1,4.699871,0.008224774,588861.599,588.861599,5763.637,5.763637,21,7,2021,4.6,0.35,25.9,0.503,3003,0.8788,0.9325,1310,5.059253731,0.665648426,14,0.9748317,0.771959817,0,0,2.21,10.79,0.09,9e-4,0.007324774,0.0073
13,21-07-2021,eurytheme,66,131,eurytheme131,1,0.004277793,0.017182776,0.73685501,0.811253157,68118.27932,1,1,4.699871,0.008224774,588861.599,588.861599,5763.637,5.763637,21,7,2021,4.6,0.35,25.9,0.503,3003,0.8788,0.9325,1310,0,0.729859254,15,0,0.771290621,0,0,0,10.79,0.09,9e-4,0.007324774,0.0073
13,21-07-2021,henrici,66,131,henrici131,1,16.09177885,60.79158903,0.887074392,1.042535251,34459.20671,1,1,4.699871,0.008224774,588861.599,588.861599,5763.637,5.763637,21,7,2021,4.6,0.35,25.9,0.503,3003,0.8788,0.9325,1310,37.0439181,0.872456201,16,11.1775456,0.959030345,0,0,9.44,10.79,0.09,9e-4,0.007324774,0.0073
13,21-07-2021,lineola,66,131,lineola131,1,7.532539446,39.5112574,0.769692882,0.93590929,66722.31932,1,1,4.699871,0.008224774,588861.599,588.861599,5763.637,5.763637,21,7,2021,4.6,0.35,25.9,0.503,3003,0.8788,0.9325,1310,8.490439396,0.754063334,17,2.2483663,0.846627104,0,0,3.38,10.79,0.09,9e-4,0.007324774,0.0073
13,21-07-2021,lucia,66,131,lucia131,1,12.4998886,51.90648274,0.903449581,1.006145652,68118.27932,1,1,4.699871,0.008224774,588861.599,588.861599,5763.637,5.763637,21,7,2021,4.6,0.35,25.9,0.503,3003,0.8788,0.9325,1310,21.59982388,0.893792934,18,0.1945207,0.950983049,0,0,6.63,10.79,0.09,9e-4,0.007324774,0.0073
13,21-07-2021,lucilius,66,131,lucilius131,1,1.915025212,10.10723126,0.700052825,0.844227636,34459.20671,1,1,4.699871,0.008224774,588861.599,588.861599,5763.637,5.763637,21,7,2021,4.6,0.35,25.9,0.503,3003,0.8788,0.9325,1310,1.146950326,0.686495877,19,7.1802751,0.766784967,0,0,0.6,10.79,0.09,9e-4,0.007324774,0.0073
13,21-07-2021,lygdamus,66,131,lygdamus131,1,0.654026977,5.11993041,0.810219648,0.887736261,68118.27932,1,1,4.699871,0.008224774,588861.599,588.861599,5763.637,5.763637,21,7,2021,4.6,0.35,25.9,0.503,3003,0.8788,0.9325,1310,0.237337099,0.802930659,20,0.0381139,0.846098659,0,0,0.21,10.79,0.09,9e-4,0.007324774,0.0073
13,21-07-2021,origenes,66,131,origenes131,1,1.409681239,8.2053127,0.709132813,0.841892198,68118.27932,1,1,4.699871,0.008224774,588861.599,588.861599,5763.637,5.763637,21,7,2021,4.6,0.35,25.9,0.503,3003,0.8788,0.9325,1310,0.728657112,0.696649272,21,0.122333,0.770581258,0,0,0.42,10.79,0.09,9e-4,0.007324774,0.0073
13,21-07-2021,pegala,66,131,pegala131,1,0.126789023,1.212459661,0.7784328,0.856245156,68118.27932,1,1,4.699871,0.008224774,588861.599,588.861599,5763.637,5.763637,21,7,2021,4.6,0.35,25.9,0.503,3003,0.8788,0.9325,1310,0.013424044,0.771116001,22,0.00457,0.814448697,0,0,0.07,10.79,0.09,9e-4,0.007324774,0.0073
13,21-07-2021,philodice,66,131,philodice131,1,0.234268566,2.163955905,0.788829663,0.867021593,68118.27932,1,1,4.699871,0.008224774,588861.599,588.861599,5763.637,5.763637,21,7,2021,4.6,0.35,25.9,0.503,3003,0.8788,0.9325,1310,0.04886352,0.781477172,23,0.0105757,0.825021248,0,0,0.12,10.79,0.09,9e-4,0.007324774,0.0073
13,21-07-2021,plexippus,66,131,plexippus131,1,0.462061029,4.104535716,0.793769048,0.874796437,66722.31932,1,1,4.699871,0.008224774,588861.599,588.861599,5763.637,5.763637,21,7,2021,4.6,0.35,25.9,0.503,3003,0.8788,0.9325,1310,0.137999173,0.786149935,24,0.0237358,0.831273041,1,1,0.17,10.79,0.09,9e-4,0.007324774,0.0073
13,21-07-2021,polios,66,131,polios131,1,21.51937692,71.11038323,0.936961985,1.077901171,66722.31932,1,1,4.699871,0.008224774,588861.599,588.861599,5763.637,5.763637,21,7,2021,4.6,0.35,25.9,0.503,3003,0.8788,0.9325,1310,54.1482981,0.923709287,25,17.4770113,1.002196499,0,0,14.25,10.79,0.09,9e-4,0.007324774,0.0073
13,21-07-2021,progne,66,131,progne131,1,7.634166731,39.76899905,0.848780182,0.958858048,38262.44071,1,1,4.699871,0.008224774,588861.599,588.861599,5763.637,5.763637,21,7,2021,4.6,0.35,25.9,0.503,3003,0.8788,0.9325,1310,8.674617281,0.838429415,26,2.3270004,0.899730356,0,0,3.44,10.79,0.09,9e-4,0.007324774,0.0073
13,21-07-2021,rapae,66,131,rapae131,1,0.146662935,1.388046157,0.768696446,0.85098017,34456.47671,1,1,4.699871,0.008224774,588861.599,588.861599,5763.637,5.763637,21,7,2021,4.6,0.35,25.9,0.503,3003,0.8788,0.9325,1310,0.020404547,0.760959198,27,0.00567,0.806781941,0,0,0.08,10.79,0.09,9e-4,0.007324774,0.0073
13,21-07-2021,sassacus,66,131,sassacus131,1,11.45182938,49.3301402,0.814748447,0.997455327,68118.27932,1,1,4.699871,0.008224774,588861.599,588.861599,5763.637,5.763637,21,7,2021,4.6,0.35,25.9,0.503,3003,0.8788,0.9325,1310,18.09185268,0.797568254,28,6.0639791,0.899315357,0,0,5.85,10.79,0.09,9e-4,0.007324774,0.0073
13,21-07-2021,selene,66,131,selene131,1,3.253528733,16.15717945,0.795606402,0.904610164,66722.31932,1,1,4.699871,0.008224774,588861.599,588.861599,5763.637,5.763637,21,7,2021,4.6,0.35,25.9,0.503,3003,0.8788,0.9325,1310,2.394312501,0.785356634,29,0.4333939,0.846059421,0,0,1.18,10.79,0.09,9e-4,0.007324774,0.0073
13,21-07-2021,tharos,66,131,tharos131,1,0.186232518,1.723647259,0.756210072,0.844700193,68118.27932,1,1,4.699871,0.008224774,588861.599,588.861599,5763.637,5.763637,21,7,2021,4.6,0.35,25.9,0.503,3003,0.8788,0.9325,1310,0.031680744,0.747889228,30,0.0079,0.797168234,0,0,0.1,10.79,0.09,9e-4,0.007324774,0.0073
13,21-07-2021,themistocles,66,131,themistocles131,1,0.07575258,0.707715604,0.70410248,0.803967018,68118.27932,1,1,4.699871,0.008224774,588861.599,588.861599,5763.637,5.763637,21,7,2021,4.6,0.35,25.9,0.503,3003,0.8788,0.9325,1310,0.004832656,0.694712085,31,0.00214,0.750325356,0,0,0.04,10.79,0.09,9e-4,0.007324774,0.0073
13,21-07-2021,tullia,66,131,tullia131,1,0.165823882,1.552893418,0.758194767,0.845076394,66722.31932,1,1,4.699871,0.008224774,588861.599,588.861599,5763.637,5.763637,21,7,2021,4.6,0.35,25.9,0.503,3003,0.8788,0.9325,1310,0.024700241,0.750025141,32,0.00671,0.798408396,0,0,0.09,10.79,0.09,9e-4,0.007324774,0.0073
13,21-07-2021,vestris,66,131,vestris131,1,0.2029575,1.874533514,0.739640628,0.834838446,68118.27932,1,1,4.699871,0.008224774,588861.599,588.861599,5763.637,5.763637,21,7,2021,4.6,0.35,25.9,0.503,3003,0.8788,0.9325,1310,0.037050362,0.730689051,33,0.00888,0.783703486,0,0,0.11,10.79,0.09,9e-4,0.007324774,0.0073
14,16-07-2021,antiopa,61,141,antiopa141,1,12.95250703,55.26093345,0.882300591,0.994507846,70773.576,1.124014722,2,2.406896,0.02572972,594900.148,594.900148,3886.966,3.886966,16,7,2021,5,0.25,26,0.471,3222,0.8402,0.9491,1410,12.59197486,0.883953203,1,7.7250112,0.961416102,2,1,9.56,7.3,0.19,0.0019,0.02382972,0.0239
14,16-07-2021,aphrodite,61,141,aphrodite141,1,21.15316385,73.86127043,0.914248676,1.042254651,70773.576,1.124014722,2,2.406896,0.02572972,594900.148,594.900148,3886.966,3.886966,16,7,2021,5,0.25,26,0.471,3222,0.8402,0.9491,1410,61.49848812,0.916134011,2,20.4823951,1.004503651,0,0,16.94,7.3,0.19,0.0019,0.02382972,0.0239
14,16-07-2021,archippus,61,141,archippus141,1,3.237811317,6.843439931,0.810985674,0.929281439,68914.677,1.124014722,2,2.406896,0.02572972,594900.148,594.900148,3886.966,3.886966,16,7,2021,5,0.25,26,0.471,3222,0.8402,0.9491,1410,0.272875289,0.81272795900000006,3,0.5474361,0.894394095,0,0,0,7.3,0.19,0.0019,0.02382972,0.0239
14,16-07-2021,atalanta,61,141,atalanta141,1,10.07206586,46.74393406,0.84643097,0.974956763,70773.576,1.124014722,2,2.406896,0.02572972,594900.148,594.900148,3886.966,3.886966,16,7,2021,5,0.25,26,0.471,3222,0.8402,0.9491,1410,3.604109581,0.848323925,4,4.432263,0.937052418,1,1,7.57,7.3,0.19,0.0019,0.02382972,0.0239
14,16-07-2021,augustinus,61,141,augustinus141,1,36.41982955,93.11004079,0.974946312,1.150700263,36800.2266,1.124014722,2,2.406896,0.02572972,594900.148,594.900148,3886.966,3.886966,16,7,2021,5,0.25,26,0.471,3222,0.8402,0.9491,1410,92.81730971,0.977534852,5,37.4385653,1.098867566,0,0,32.7,7.3,0.19,0.0019,0.02382972,0.0239
14,16-07-2021,baptisiae,61,141,baptisiae141,1,17.39516453,65.4441173,0.834331987,1.034104058,40738.6466,1.124014722,2,2.406896,0.02572972,594900.148,594.900148,3886.966,3.886966,16,7,2021,5,0.25,26,0.471,3222,0.8402,0.9491,1410,39.98956153,0.837274271,6,14.6317672,0.975188027,3,1,13.25,7.3,0.19,0.0019,0.02382972,0.0239
14,16-07-2021,bellona,61,141,bellona141,1,23.73791121,78.42640026,0.923166149,1.057342835,68914.677,1.124014722,2,2.406896,0.02572972,594900.148,594.900148,3886.966,3.886966,16,7,2021,5,0.25,26,0.471,3222,0.8402,0.9491,1410,71.35263316,0.925142331,7,24.1612637,1.017771949,0,0,19.59,7.3,0.19,0.0019,0.02382972,0.0239
14,16-07-2021,bimacula,61,141,bimacula141,1,21.61655237,74.7145021,0.828838667,1.091447958,68914.677,1.124014722,2,2.406896,0.02572972,594900.148,594.900148,3886.966,3.886966,16,7,2021,5,0.25,26,0.471,3222,0.8402,0.9491,1410,63.59752881,0.832706432,8,21.1726011,1.014000209,0,0,17.41,7.3,0.19,0.0019,0.02382972,0.0239
14,16-07-2021,cocyta,61,141,cocyta141,1,42.8826743,95.85524562,1.017164533,1.202424211,70773.576,1.124014722,2,2.406896,0.02572972,594900.148,594.900148,3886.966,3.886966,16,7,2021,5,0.25,26,0.471,3222,0.8402,0.9491,1410,96.51956363,1.019893076,9,43.869956,1.147788121,0,0,39.45,7.3,0.19,0.0019,0.02382972,0.0239
14,16-07-2021,comyntas,61,141,comyntas141,1,10.20765561,47.18303067,0.838103998,0.974373975,70773.576,1.124014722,2,2.406896,0.02572972,594900.148,594.900148,3886.966,3.886966,16,7,2021,5,0.25,26,0.471,3222,0.8402,0.9491,1410,3.811744416,0.840111011,10,4.5571077,0.934185744,0,0,7.66,7.3,0.19,0.0019,0.02382972,0.0239
14,16-07-2021,cybele,61,141,cybele141,1,14.35201565,58.60691776,0.873510655,1.002822919,70773.576,1.124014722,2,2.406896,0.02572972,594900.148,594.900148,3886.966,3.886966,16,7,2021,5,0.25,26,0.471,3222,0.8402,0.9491,1410,20.58137754,0.875415193,11,9.7572353,0.964686631,17,1,10.62,7.3,0.19,0.0019,0.02382972,0.0239
14,16-07-2021,cymela,61,141,cymela141,1,15.36243973,60.84211243,0.836532307,1.01273823,36802.9866,1.124014722,2,2.406896,0.02572972,594900.148,594.900148,3886.966,3.886966,16,7,2021,5,0.25,26,0.471,3222,0.8402,0.9491,1410,26.74631675,0.839127505,12,11.3310178,0.960772239,0,0,11.44,7.3,0.19,0.0019,0.02382972,0.0239
14,16-07-2021,dion,61,141,dion141,1,12.07169434,52.97808488,0.749266775,0.978532383,104050.226,1.124014722,2,2.406896,0.02572972,594900.148,594.900148,3886.966,3.886966,16,7,2021,5,0.25,26,0.471,3222,0.8402,0.9491,1410,8.495441678,0.752643447,13,6.5765739,0.910918229,0,0,8.92,7.3,0.19,0.0019,0.02382972,0.0239
14,16-07-2021,egeremet,61,141,egeremet141,1,26.10927994,82.02483676,0.866721377,1.13902263,70773.576,1.124014722,2,2.406896,0.02572972,594900.148,594.900148,3886.966,3.886966,16,7,2021,5,0.25,26,0.471,3222,0.8402,0.9491,1410,77.86987082,0.870731886,14,27.1966317,1.058716564,1,1,22.04,7.3,0.19,0.0019,0.02382972,0.0239
14,16-07-2021,eurytheme,61,141,eurytheme141,1,1.344321378,0.698923816,0.808220821,0.914341275,70773.576,1.124014722,2,2.406896,0.02572972,594900.148,594.900148,3886.966,3.886966,16,7,2021,5,0.25,26,0.471,3222,0.8402,0.9491,1410,0.064673145,0.809783785,15,0.118646,0.883044628,0,0,1.32,7.3,0.19,0.0019,0.02382972,0.0239
14,16-07-2021,henrici,61,141,henrici141,1,44.77186823,96.37603463,1.036198942,1.257946091,36802.9866,1.124014722,2,2.406896,0.02572972,594900.148,594.900148,3886.966,3.886966,16,7,2021,5,0.25,26,0.471,3222,0.8402,0.9491,1410,97.14246813,1.039464881,16,46.5417051,1.192549252,0,0,41.43,7.3,0.19,0.0019,0.02382972,0.0239
14,16-07-2021,lineola,61,141,lineola141,1,31.74605861,89.38282531,0.929134605,1.166223315,68914.677,1.124014722,2,2.406896,0.02572972,594900.148,594.900148,3886.966,3.886966,16,7,2021,5,0.25,26,0.471,3222,0.8402,0.9491,1410,87.67295812,0.932626497,17,33.3615395,1.096302,0,0,27.86,7.3,0.19,0.0019,0.02382972,0.0239
14,16-07-2021,lucia,61,141,lucia141,1,40.85412535,95.20000454,1.001959943,1.148444151,70773.576,1.124014722,2,2.406896,0.02572972,594900.148,594.900148,3886.966,3.886966,16,7,2021,5,0.25,26,0.471,3222,0.8402,0.9491,1410,95.74972627,1.004117392,18,16.1582635,1.105243577,0,0,37.33,7.3,0.19,0.0019,0.02382972,0.0239
14,16-07-2021,lucilius,61,141,lucilius141,1,18.34841861,67.80014863,0.838351327,1.044000219,36802.9866,1.124014722,2,2.406896,0.02572972,594900.148,594.900148,3886.966,3.886966,16,7,2021,5,0.25,26,0.471,3222,0.8402,0.9491,1410,46.00473135,0.841380167,19,41.4354089,0.983351018,0,0,14.16,7.3,0.19,0.0019,0.02382972,0.0239
14,16-07-2021,lygdamus,61,141,lygdamus141,1,13.04922239,55.51508756,0.884576822,0.995145411,70773.576,1.124014722,2,2.406896,0.02572972,594900.148,594.900148,3886.966,3.886966,16,7,2021,5,0.25,26,0.471,3222,0.8402,0.9491,1410,13.08610038,0.886205299,20,7.861362,0.962536937,0,0,9.63,7.3,0.19,0.0019,0.02382972,0.0239
14,16-07-2021,origenes,61,141,origenes141,1,16.67432572,63.72460586,0.836481161,1.025847252,70773.576,1.124014722,2,2.406896,0.02572972,594900.148,594.900148,3886.966,3.886966,16,7,2021,5,0.25,26,0.471,3222,0.8402,0.9491,1410,35.23778727,0.839270184,21,13.4542092,0.970000114,0,0,12.59,7.3,0.19,0.0019,0.02382972,0.0239
14,16-07-2021,pegala,61,141,pegala141,1,7.575481887,34.71132518,0.853073662,0.964064095,70773.576,1.124014722,2,2.406896,0.02572972,594900.148,594.900148,3886.966,3.886966,16,7,2021,5,0.25,26,0.471,3222,0.8402,0.9491,1410,1.469895785,0.854708353,22,2.5102231,0.931331212,3,1,5.95,7.3,0.19,0.0019,0.02382972,0.0239
14,16-07-2021,philodice,61,141,philodice141,1,9.558246766,44.76005696,0.863834629,0.975366483,70773.576,1.124014722,2,2.406896,0.02572972,594900.148,594.900148,3886.966,3.886966,16,7,2021,5,0.25,26,0.471,3222,0.8402,0.9491,1410,2.948301195,0.865477294,23,3.9768356,0.942473926,9,1,7.24,7.3,0.19,0.0019,0.02382972,0.0239
14,16-07-2021,plexippus,61,141,plexippus141,1,11.71327273,51.94444917,0.871493904,0.987070215,68914.677,1.124014722,2,2.406896,0.02572972,594900.148,594.900148,3886.966,3.886966,16,7,2021,5,0.25,26,0.471,3222,0.8402,0.9491,1410,7.237151885,0.873196136,24,6.1451902,0.952984882,0,0,8.67,7.3,0.19,0.0019,0.02382972,0.0239
14,16-07-2021,polios,61,141,polios141,1,52.12234522,97.9270555,1.07215674,1.273190382,68914.677,1.124014722,2,2.406896,0.02572972,594900.148,594.900148,3886.966,3.886966,16,7,2021,5,0.25,26,0.471,3222,0.8402,0.9491,1410,99.33341276,1.075117606,25,59.1298522,1.213902293,0,0,49.1,7.3,0.19,0.0019,0.02382972,0.0239
14,16-07-2021,progne,61,141,progne141,1,31.99401562,89.63754673,0.954371469,1.111384965,40738.6466,1.124014722,2,2.406896,0.02572972,594900.148,594.900148,3886.966,3.886966,16,7,2021,5,0.25,26,0.471,3222,0.8402,0.9491,1410,87.98270844,0.956683997,26,33.5988816,1.065079133,0,0,28.12,7.3,0.19,0.0019,0.02382972,0.0239
14,16-07-2021,rapae,61,141,rapae141,1,8.057897027,37.49113581,0.847626432,0.964994761,36800.2266,1.124014722,2,2.406896,0.02572972,594900.148,594.900148,3886.966,3.886966,16,7,2021,5,0.25,26,0.471,3222,0.8402,0.9491,1410,1.728588367,0.849355057,27,2.8302309,0.930380933,0,0,6.27,7.3,0.19,0.0019,0.02382972,0.0239
14,16-07-2021,sassacus,61,141,sassacus141,1,39.44700609,94.63212894,0.990008519,1.250619002,70773.576,1.124014722,2,2.406896,0.02572972,594900.148,594.900148,3886.966,3.886966,16,7,2021,5,0.25,26,0.471,3222,0.8402,0.9491,1410,95.1222833,0.993846816,28,40.0487582,1.173760698,0,0,35.86,7.3,0.19,0.0019,0.02382972,0.0239
14,16-07-2021,selene,61,141,selene141,1,21.86815448,75.14906025,0.900167364,1.055648774,68914.677,1.124014722,2,2.406896,0.02572972,594900.148,594.900148,3886.966,3.886966,16,7,2021,5,0.25,26,0.471,3222,0.8402,0.9491,1410,64.72477038,0.902457327,29,21.542008,1.009794779,3,1,17.67,7.3,0.19,0.0019,0.02382972,0.0239
14,16-07-2021,tharos,61,141,tharos141,1,8.817189657,41.34826489,0.841093493,0.967314538,70773.576,1.124014722,2,2.406896,0.02572972,594900.148,594.900148,3886.966,3.886966,16,7,2021,5,0.25,26,0.471,3222,0.8402,0.9491,1410,2.187540775,0.842952503,30,3.3760047,0.9300899,0,0,6.76,7.3,0.19,0.0019,0.02382972,0.0239
14,16-07-2021,themistocles,61,141,themistocles141,1,6.160922211,25.90216201,0.799896717,0.942342067,70773.576,1.124014722,2,2.406896,0.02572972,594900.148,594.900148,3886.966,3.886966,16,7,2021,5,0.25,26,0.471,3222,0.8402,0.9491,1410,0.897481718,0.801994682,31,1.6715593,0.900332618,2,1,4.99,7.3,0.19,0.0019,0.02382972,0.0239
14,16-07-2021,tullia,61,141,tullia141,1,8.434504088,39.48408984,0.841535253,0.965461964,68914.677,1.124014722,2,2.406896,0.02572972,594900.148,594.900148,3886.966,3.886966,16,7,2021,5,0.25,26,0.471,3222,0.8402,0.9491,1410,1.942463593,0.843360442,32,3.0922476,0.928913939,0,0,6.51,7.3,0.19,0.0019,0.02382972,0.0239
14,16-07-2021,vestris,61,141,vestris141,1,9.089430658,42.65080473,0.830958352,0.966747159,70773.576,1.124014722,2,2.406896,0.02572972,594900.148,594.900148,3886.966,3.886966,16,7,2021,5,0.25,26,0.471,3222,0.8402,0.9491,1410,2.439425657,0.832958277,33,3.5885322,0.926700832,3,1,6.93,7.3,0.19,0.0019,0.02382972,0.0239
14,24-08-2021,antiopa,100,142,antiopa142,1,34.86216795,93.4101991,0.980849593,1.12808709,70773.576,1.918908551,2,2.406896,0.02514059,594900.148,594.900148,3886.966,3.886966,24,8,2021,4.1,0,29.4,0.555,2923,0.842,0.9581,1410,94.41060736,0.992764217,1,36.6163444,1.092158641,0,0,30.91,7.23,0.18,0.0018,0.02334059,0.0234
14,24-08-2021,aphrodite,100,142,aphrodite142,1,42.08331033,96.66451351,1.026673324,1.19464178,70773.576,1.918908551,2,2.406896,0.02514059,594900.148,594.900148,3886.966,3.886966,24,8,2021,4.1,0,29.4,0.555,2923,0.842,0.9581,1410,98.27145709,1.04026556,2,46.0084684,1.153654676,0,0,38.34,7.23,0.18,0.0018,0.02334059,0.0234
14,24-08-2021,archippus,100,142,archippus142,1,25.26370182,79.14049058,0.914882072,1.070108865,68914.677,1.918908551,2,2.406896,0.02514059,594900.148,594.900148,3886.966,3.886966,24,8,2021,4.1,0,29.4,0.555,2923,0.842,0.9581,1410,58.36669518,0.927443199,3,26.7786841,1.032230892,0,0,0,7.23,0.18,0.0018,0.02334059,0.0234
14,24-08-2021,atalanta,100,142,atalanta142,1,32.29164692,91.09622321,0.959312162,1.127962719,70773.576,1.918908551,2,2.406896,0.02514059,594900.148,594.900148,3886.966,3.886966,24,8,2021,4.1,0,29.4,0.555,2923,0.842,0.9581,1410,89.84260051,0.972959555,4,34.1654154,1.08680912,0,0,28.36,7.23,0.18,0.0018,0.02334059,0.0234
14,24-08-2021,augustinus,100,142,augustinus142,1,68.24441011,99.95884233,1.129306888,1.359929871,36800.2266,1.918908551,2,2.406896,0.02514059,594900.148,594.900148,3886.966,3.886966,24,8,2021,4.1,0,29.4,0.555,2923,0.842,0.9581,1410,99.8813801,1.14796916,5,89.5118622,1.303653948,0,0,66.05,7.23,0.18,0.0018,0.02334059,0.0234
14,24-08-2021,baptisiae,100,142,baptisiae142,1,38.93744174,95.58641111,1.009787115,1.271926491,40738.6466,1.918908551,2,2.406896,0.02514059,594900.148,594.900148,3886.966,3.886966,24,8,2021,4.1,0,29.4,0.555,2923,0.842,0.9581,1410,97.05218135,1.030999729,6,40.8982386,1.207960033,0,0,35.05,7.23,0.18,0.0018,0.02334059,0.0234
14,24-08-2021,bellona,100,142,bellona142,1,44.32456978,97.35104638,1.041010387,1.217076003,68914.677,1.918908551,2,2.406896,0.02514059,594900.148,594.900148,3886.966,3.886966,24,8,2021,4.1,0,29.4,0.555,2923,0.842,0.9581,1410,98.76703735,1.055257815,7,51.1138152,1.174113004,3,1,40.69,7.23,0.18,0.0018,0.02334059,0.0234
14,24-08-2021,bimacula,100,142,bimacula142,1,42.47524718,96.79313124,1.059482252,1.404076144,68914.677,1.918908551,2,2.406896,0.02514059,594900.148,594.900148,3886.966,3.886966,24,8,2021,4.1,0,29.4,0.555,2923,0.842,0.9581,1410,98.3706872,1.087367179,8,46.8285009,1.319989385,0,0,38.75,7.23,0.18,0.0018,0.02334059,0.0234
14,24-08-2021,cocyta,100,142,cocyta142,1,92.23760855,100,1.179873766,1.422970092,70773.576,1.918908551,2,2.406896,0.02514059,594900.148,594.900148,3886.966,3.886966,24,8,2021,4.1,0,29.4,0.555,2923,0.842,0.9581,1410,100,1.199545395,9,97.7925197,1.363650461,0,0,91.71,7.23,0.18,0.0018,0.02334059,0.0234
14,24-08-2021,comyntas,100,142,comyntas142,1,32.41017779,91.23341546,0.957786725,1.136599141,70773.576,1.918908551,2,2.406896,0.02514059,594900.148,594.900148,3886.966,3.886966,24,8,2021,4.1,0,29.4,0.555,2923,0.842,0.9581,1410,90.17964072,0.972256427,10,34.280969,1.092965875,0,0,28.48,7.23,0.18,0.0018,0.02334059,0.0234
14,24-08-2021,cybele,100,142,cybele142,1,36.1293542,94.17847568,0.987082586,1.156765145,70773.576,1.918908551,2,2.406896,0.02514059,594900.148,594.900148,3886.966,3.886966,24,8,2021,4.1,0,29.4,0.555,2923,0.842,0.9581,1410,95.67265469,1.00081349,11,37.8661003,1.11535972,1,1,32.19,7.23,0.18,0.0018,0.02334059,0.0234
14,24-08-2021,cymela,100,142,cymela142,1,37.05020904,94.69523314,0.991289839,1.222505896,36802.9866,1.918908551,2,2.406896,0.02514059,594900.148,594.900148,3886.966,3.886966,24,8,2021,4.1,0,29.4,0.555,2923,0.842,0.9581,1410,96.22583405,1.010000103,12,38.8076821,1.166085252,0,0,33.12,7.23,0.18,0.0018,0.02334059,0.0234
14,24-08-2021,dion,100,142,dion142,1,34.06290357,92.7979787,0.950625385,1.251465953,104050.226,1.918908551,2,2.406896,0.02514059,594900.148,594.900148,3886.966,3.886966,24,8,2021,4.1,0,29.4,0.555,2923,0.842,0.9581,1410,93.33618477,0.974969744,13,35.8578643,1.178055748,0,0,30.11,7.23,0.18,0.0018,0.02334059,0.0234
14,24-08-2021,egeremet,100,142,egeremet142,1,46.61573047,97.9604086,1.105877185,1.463188796,70773.576,1.918908551,2,2.406896,0.02514059,594900.148,594.900148,3886.966,3.886966,24,8,2021,4.1,0,29.4,0.555,2923,0.842,0.9581,1410,99.04761905,1.134791244,14,56.9725325,1.375998697,0,0,43.1,7.23,0.18,0.0018,0.02334059,0.0234
14,24-08-2021,eurytheme,100,142,eurytheme142,1,21.5164637,67.80269468,0.901423929,1.040674373,70773.576,1.918908551,2,2.406896,0.02514059,594900.148,594.900148,3886.966,3.886966,24,8,2021,4.1,0,29.4,0.555,2923,0.842,0.9581,1410,48.01254634,0.912692232,15,22.7592144,1.006694901,0,0,17.94,7.23,0.18,0.0018,0.02334059,0.0234
14,24-08-2021,henrici,100,142,henrici142,1,96.12084915,100,1.230954266,1.52192917,36802.9866,1.918908551,2,2.406896,0.02514059,594900.148,594.900148,3886.966,3.886966,24,8,2021,4.1,0,29.4,0.555,2923,0.842,0.9581,1410,100,1.254500283,16,98.6094411,1.450926354,0,0,95.86,7.23,0.18,0.0018,0.02334059,0.0234
14,24-08-2021,lineola,100,142,lineola142,1,55.01237435,99.16369893,1.137364062,1.448470044,68914.677,1.918908551,2,2.406896,0.02514059,594900.148,594.900148,3886.966,3.886966,24,8,2021,4.1,0,29.4,0.555,2923,0.842,0.9581,1410,99.55289421,1.162539109,17,74.6213626,1.372554903,0,0,51.96,7.23,0.18,0.0018,0.02334059,0.0234
14,24-08-2021,lucia,100,142,lucia142,1,85.07650423,100,1.13061359,1.322829042,70773.576,1.918908551,2,2.406896,0.02514059,594900.148,594.900148,3886.966,3.886966,24,8,2021,4.1,0,29.4,0.555,2923,0.842,0.9581,1410,100,1.146167881,18,42.0135475,1.275925209,0,0,84.03,7.23,0.18,0.0018,0.02334059,0.0234
14,24-08-2021,lucilius,100,142,lucilius142,1,39.76461331,95.88023117,1.018967929,1.288818824,36802.9866,1.918908551,2,2.406896,0.02514059,594900.148,594.900148,3886.966,3.886966,24,8,2021,4.1,0,29.4,0.555,2923,0.842,0.9581,1410,97.42571999,1.040804568,19,96.4510791,1.222970624,0,0,35.91,7.23,0.18,0.0018,0.02334059,0.0234
14,24-08-2021,lygdamus,100,142,lygdamus142,1,34.95218383,93.47193561,0.981686622,1.126773875,70773.576,1.918908551,2,2.406896,0.02514059,594900.148,594.900148,3886.966,3.886966,24,8,2021,4.1,0,29.4,0.555,2923,0.842,0.9581,1410,94.51497006,0.993427246,20,36.7037643,1.091370122,0,0,31.01,7.23,0.18,0.0018,0.02334059,0.0234
14,24-08-2021,origenes,100,142,origenes142,1,38.28001058,95.30402373,1.00279696,1.251281689,70773.576,1.918908551,2,2.406896,0.02514059,594900.148,594.900148,3886.966,3.886966,24,8,2021,4.1,0,29.4,0.555,2923,0.842,0.9581,1410,96.7601939,1.022904625,21,40.1216688,1.190647197,0,0,34.37,7.23,0.18,0.0018,0.02334059,0.0234
14,24-08-2021,pegala,100,142,pegala142,1,30.07527627,88.22833363,0.950553958,1.096194751,70773.576,1.918908551,2,2.406896,0.02514059,594900.148,594.900148,3886.966,3.886966,24,8,2021,4.1,0,29.4,0.555,2923,0.842,0.9581,1410,79.75192472,0.962339376,22,31.8966814,1.060655925,0,0,26.13,7.23,0.18,0.0018,0.02334059,0.0234
14,24-08-2021,philodice,100,142,philodice142,1,31.84244316,90.57660758,0.961790442,1.108141682,70773.576,1.918908551,2,2.406896,0.02514059,594900.148,594.900148,3886.966,3.886966,24,8,2021,4.1,0,29.4,0.555,2923,0.842,0.9581,1410,88.43398916,0.97363335,23,33.7194463,1.072429495,11,1,27.91,7.23,0.18,0.0018,0.02334059,0.0234
14,24-08-2021,plexippus,100,142,plexippus142,1,33.74095618,92.51559133,0.973001869,1.124660214,68914.677,1.918908551,2,2.406896,0.02514059,594900.148,594.900148,3886.966,3.886966,24,8,2021,4.1,0,29.4,0.555,2923,0.842,0.9581,1410,92.88052466,0.985274233,24,35.5511737,1.087653003,0,0,29.79,7.23,0.18,0.0018,0.02334059,0.0234
14,24-08-2021,polios,100,142,polios142,1,99.43272894,100,1.248719876,1.512514675,68914.677,1.918908551,2,2.406896,0.02514059,594900.148,594.900148,3886.966,3.886966,24,8,2021,4.1,0,29.4,0.555,2923,0.842,0.9581,1410,100,1.270066449,25,99.8072663,1.448144266,0,0,99.39,7.23,0.18,0.0018,0.02334059,0.0234
14,24-08-2021,progne,100,142,progne142,1,55.55060504,99.2031417,1.092272743,1.298304644,40738.6466,1.918908551,2,2.406896,0.02514059,594900.148,594.900148,3886.966,3.886966,24,8,2021,4.1,0,29.4,0.555,2923,0.842,0.9581,1410,99.57114343,1.108945076,26,75.4726297,1.248029362,0,0,52.53,7.23,0.18,0.0018,0.02334059,0.0234
14,24-08-2021,rapae,100,142,rapae142,1,30.512458,88.86399104,0.950708285,1.104718104,36800.2266,1.918908551,2,2.406896,0.02514059,594900.148,594.900148,3886.966,3.886966,24,8,2021,4.1,0,29.4,0.555,2923,0.842,0.9581,1410,82.32563445,0.963170933,27,32.3650256,1.067137093,0,0,26.57,7.23,0.18,0.0018,0.02334059,0.0234
14,24-08-2021,sassacus,100,142,sassacus142,1,79.54325748,99.99942837,1.218896598,1.56086767,70773.576,1.918908551,2,2.406896,0.02514059,594900.148,594.900148,3886.966,3.886966,24,8,2021,4.1,0,29.4,0.555,2923,0.842,0.9581,1410,99.99714856,1.246569255,28,95.0805775,1.477420874,0,0,78.11,7.23,0.18,0.0018,0.02334059,0.0234
14,24-08-2021,selene,100,142,selene142,1,42.68928471,96.85258121,1.036723042,1.240744552,68914.677,1.918908551,2,2.406896,0.02514059,594900.148,594.900148,3886.966,3.886966,24,8,2021,4.1,0,29.4,0.555,2923,0.842,0.9581,1410,98.42087254,1.053232693,29,47.294074,1.19095984,0,0,38.97,7.23,0.18,0.0018,0.02334059,0.0234
14,24-08-2021,tharos,100,142,tharos142,1,31.18741228,89.77860601,0.951950479,1.117576764,70773.576,1.918908551,2,2.406896,0.02514059,594900.148,594.900148,3886.966,3.886966,24,8,2021,4.1,0,29.4,0.555,2923,0.842,0.9581,1410,85.77986883,0.965353145,30,33.0644876,1.077161139,0,0,27.26,7.23,0.18,0.0018,0.02334059,0.0234
14,24-08-2021,themistocles,100,142,themistocles142,1,28.67667177,86.01839519,0.92500313,1.111918823,70773.576,1.918908551,2,2.406896,0.02514059,594900.148,594.900148,3886.966,3.886966,24,8,2021,4.1,0,29.4,0.555,2923,0.842,0.9581,1410,70.90903906,0.940128558,31,30.3521951,1.066308221,0,0,24.71,7.23,0.18,0.0018,0.02334059,0.0234
14,24-08-2021,tullia,100,142,tullia142,1,30.84662316,89.33101631,0.950377179,1.112992857,68914.677,1.918908551,2,2.406896,0.02514059,594900.148,594.900148,3886.966,3.886966,24,8,2021,4.1,0,29.4,0.555,2923,0.842,0.9581,1410,84.15511833,0.963536193,32,32.7144166,1.073311844,21,1,26.91,7.23,0.18,0.0018,0.02334059,0.0234
14,24-08-2021,vestris,100,142,vestris142,1,31.42699792,90.09129001,0.950218479,1.128399507,70773.576,1.918908551,2,2.406896,0.02514059,594900.148,594.900148,3886.966,3.886966,24,8,2021,4.1,0,29.4,0.555,2923,0.842,0.9581,1410,86.87140006,0.964637088,33,33.3072255,1.084920312,0,0,27.5,7.23,0.18,0.0018,0.02334059,0.0234
15,03-08-2021,antiopa,79,152,antiopa152,1,6.341730132,9.809165905,0.918467778,0.932841303,45251.951,6.984216033,16,0.224336,0.02497322,354130.101,354.130101,4211.443,4.211443,3,8,2021,4.6,0.15,23.3,0.569,2763,0.5357,0.9293,1510,0.745122481,0.898738351,1,0.7159801,0.910175837,2,1,6.27,2.92,0.07,7.000000000000001e-4,0.02427322,0.0246
15,03-08-2021,aphrodite,79,152,aphrodite152,1,24.35388858,32.79276839,0.955508184,0.971905492,45251.951,6.984216033,16,0.224336,0.02497322,354130.101,354.130101,4211.443,4.211443,3,8,2021,4.6,0.15,23.3,0.569,2763,0.5357,0.9293,1510,7.572536755,0.933000894,2,6.2848444,0.946048772,0,0,23.86,2.92,0.07,7.000000000000001e-4,0.02427322,0.0246
15,03-08-2021,archippus,79,152,archippus152,1,0.213886277,0.249404701,0.849115339,0.86426879,44463.881,6.984216033,16,0.224336,0.02497322,354130.101,354.130101,4211.443,4.211443,3,8,2021,4.6,0.15,23.3,0.569,2763,0.5357,0.9293,1510,0.01224249,0.828315368,3,0.0187019,0.840373467,0,0,0,2.92,0.07,7.000000000000001e-4,0.02427322,0.0246
15,03-08-2021,atalanta,79,152,atalanta152,1,2.902195252,4.432858223,0.887858028,0.904321925,45251.951,6.984216033,16,0.224336,0.02497322,354130.101,354.130101,4211.443,4.211443,3,8,2021,4.6,0.15,23.3,0.569,2763,0.5357,0.9293,1510,0.272673649,0.865259309,4,0.2897576,0.878360173,0,0,2.87,2.92,0.07,7.000000000000001e-4,0.02427322,0.0246
15,03-08-2021,augustinus,79,152,augustinus152,1,61.30893295,72.81827313,1.031596179,1.054109908,24335.074,6.984216033,16,0.224336,0.02497322,354130.101,354.130101,4211.443,4.211443,3,8,2021,4.6,0.15,23.3,0.569,2763,0.5357,0.9293,1510,63.62310937,1.000693322,5,49.6702755,1.018608237,0,0,60.65,2.92,0.07,7.000000000000001e-4,0.02427322,0.0246
15,03-08-2021,baptisiae,79,152,baptisiae152,1,15.51235752,22.46560811,0.898723491,0.924313893,29271.163,6.984216033,16,0.224336,0.02497322,354130.101,354.130101,4211.443,4.211443,3,8,2021,4.6,0.15,23.3,0.569,2763,0.5357,0.9293,1510,2.982159353,0.863597523,6,2.6211605,0.883960647,0,0,15.28,2.92,0.07,7.000000000000001e-4,0.02427322,0.0246
15,03-08-2021,bellona,79,152,bellona152,1,30.07200325,38.3693898,0.96641463,0.983602395,44463.881,6.984216033,16,0.224336,0.02497322,354130.101,354.130101,4211.443,4.211443,3,8,2021,4.6,0.15,23.3,0.569,2763,0.5357,0.9293,1510,12.90748016,0.942822313,7,10.2300898,0.956499183,1,1,29.39,2.92,0.07,7.000000000000001e-4,0.02427322,0.0246
15,03-08-2021,bimacula,79,152,bimacula152,1,25.4114464,33.8609202,0.913484169,0.947123893,44463.881,6.984216033,16,0.224336,0.02497322,354130.101,354.130101,4211.443,4.211443,3,8,2021,4.6,0.15,23.3,0.569,2763,0.5357,0.9293,1510,8.407252006,0.867309519,8,6.903364,0.894077753,0,0,24.88,2.92,0.07,7.000000000000001e-4,0.02427322,0.0246
15,03-08-2021,cocyta,79,152,cocyta152,1,82.05491909,91.84977034,1.076878332,1.100609726,45251.951,6.984216033,16,0.224336,0.02497322,354130.101,354.130101,4211.443,4.211443,3,8,2021,4.6,0.15,23.3,0.569,2763,0.5357,0.9293,1510,89.29171629,1.044304081,9,76.7467362,1.063187931,0,0,81.77,2.92,0.07,7.000000000000001e-4,0.02427322,0.0246
15,03-08-2021,comyntas,79,152,comyntas152,1,3.017354655,4.616808297,0.882027199,0.89948311,45251.951,6.984216033,16,0.224336,0.02497322,354130.101,354.130101,4211.443,4.211443,3,8,2021,4.6,0.15,23.3,0.569,2763,0.5357,0.9293,1510,0.285472616,0.858066818,10,0.3020465,0.871957061,0,0,2.98,2.92,0.07,7.000000000000001e-4,0.02427322,0.0246
15,03-08-2021,cybele,79,152,cybele152,1,8.764018558,13.28503233,0.915191212,0.931755854,45251.951,6.984216033,16,0.224336,0.02497322,354130.101,354.130101,4211.443,4.211443,3,8,2021,4.6,0.15,23.3,0.569,2763,0.5357,0.9293,1510,1.193086332,0.892454208,11,1.0963597,0.905635238,0,0,8.65,2.92,0.07,7.000000000000001e-4,0.02427322,0.0246
15,03-08-2021,cymela,79,152,cymela152,1,10.80897682,16.19155635,0.893327856,0.915899482,24347.688,6.984216033,16,0.224336,0.02497322,354130.101,354.130101,4211.443,4.211443,3,8,2021,4.6,0.15,23.3,0.569,2763,0.5357,0.9293,1510,1.631590077,0.862345529,12,1.4837094,0.880306514,0,0,10.66,2.92,0.07,7.000000000000001e-4,0.02427322,0.0246
15,03-08-2021,dion,79,152,dion152,1,5.06420742,7.895746578,0.82316478,0.852533245,69356.529,6.984216033,16,0.224336,0.02497322,354130.101,354.130101,4211.443,4.211443,3,8,2021,4.6,0.15,23.3,0.569,2763,0.5357,0.9293,1510,0.566493417,0.782852956,13,0.5443098,0.80622241,0,0,5,2.92,0.07,7.000000000000001e-4,0.02427322,0.0246
15,03-08-2021,egeremet,79,152,egeremet152,1,35.0796694,43.09848664,0.954490839,0.989372084,45251.951,6.984216033,16,0.224336,0.02497322,354130.101,354.130101,4211.443,4.211443,3,8,2021,4.6,0.15,23.3,0.569,2763,0.5357,0.9293,1510,19.31141557,0.906612049,14,14.9730525,0.934368202,0,0,34.28,2.92,0.07,7.000000000000001e-4,0.02427322,0.0246
15,03-08-2021,eurytheme,79,152,eurytheme152,1,0.046055656,0.036677162,0.842426081,0.856019899,45251.951,6.984216033,16,0.224336,0.02497322,354130.101,354.130101,4211.443,4.211443,3,8,2021,4.6,0.15,23.3,0.569,2763,0.5357,0.9293,1510,0.001112954,0.823766898,15,0.00373,0.834583945,0,0,0.05,2.92,0.07,7.000000000000001e-4,0.02427322,0.0246
15,03-08-2021,henrici,79,152,henrici152,1,86.70827278,94.80425681,1.107673561,1.136078926,24347.688,6.984216033,16,0.224336,0.02497322,354130.101,354.130101,4211.443,4.211443,3,8,2021,4.6,0.15,23.3,0.569,2763,0.5357,0.9293,1510,93.25049248,1.068683709,16,83.021095,1.091286793,0,0,86.5,2.92,0.07,7.000000000000001e-4,0.02427322,0.0246
15,03-08-2021,lineola,79,152,lineola152,1,47.95376523,56.63518073,1.005554189,1.035924778,44463.881,6.984216033,16,0.224336,0.02497322,354130.101,354.130101,4211.443,4.211443,3,8,2021,4.6,0.15,23.3,0.569,2763,0.5357,0.9293,1510,41.04517479,0.963866828,17,31.3990566,0.988033704,0,0,47.12,2.92,0.07,7.000000000000001e-4,0.02427322,0.0246
15,03-08-2021,lucia,79,152,lucia152,1,75.67935132,87.14324407,1.049175444,1.067939778,45251.951,6.984216033,16,0.224336,0.02497322,354130.101,354.130101,4211.443,4.211443,3,8,2021,4.6,0.15,23.3,0.569,2763,0.5357,0.9293,1510,82.76034769,1.023419093,18,3.3495815,1.03835049,0,0,75.28,2.92,0.07,7.000000000000001e-4,0.02427322,0.0246
15,03-08-2021,lucilius,79,152,lucilius152,1,17.80110886,25.28974958,0.904637077,0.930980288,24347.688,6.984216033,16,0.224336,0.02497322,354130.101,354.130101,4211.443,4.211443,3,8,2021,4.6,0.15,23.3,0.569,2763,0.5357,0.9293,1510,3.874748194,0.868477786,19,68.4255044,0.889439946,0,0,17.51,2.92,0.07,7.000000000000001e-4,0.02427322,0.0246
15,03-08-2021,lygdamus,79,152,lygdamus152,1,6.495995306,10.04220695,0.920215826,0.934379441,45251.951,6.984216033,16,0.224336,0.02497322,354130.101,354.130101,4211.443,4.211443,3,8,2021,4.6,0.15,23.3,0.569,2763,0.5357,0.9293,1510,0.7662686,0.900774526,20,0.7380657,0.91204498,0,0,6.42,2.92,0.07,7.000000000000001e-4,0.02427322,0.0246
15,03-08-2021,origenes,79,152,origenes152,1,13.78712439,20.22378711,0.897518559,0.921775976,45251.951,6.984216033,16,0.224336,0.02497322,354130.101,354.130101,4211.443,4.211443,3,8,2021,4.6,0.15,23.3,0.569,2763,0.5357,0.9293,1510,2.412883552,0.864222277,21,2.1548191,0.883524701,0,0,13.59,2.92,0.07,7.000000000000001e-4,0.02427322,0.0246
15,03-08-2021,pegala,79,152,pegala152,1,1.317297131,1.914547855,0.888848638,0.90306629,45251.951,6.984216033,16,0.224336,0.02497322,354130.101,354.130101,4211.443,4.211443,3,8,2021,4.6,0.15,23.3,0.569,2763,0.5357,0.9293,1510,0.091818678,0.869333165,22,0.125331,0.880646618,0,0,1.3,2.92,0.07,7.000000000000001e-4,0.02427322,0.0246
15,03-08-2021,philodice,79,152,philodice152,1,2.492567371,3.779440476,0.899784118,0.914071125,45251.951,6.984216033,16,0.224336,0.02497322,354130.101,354.130101,4211.443,4.211443,3,8,2021,4.6,0.15,23.3,0.569,2763,0.5357,0.9293,1510,0.220921303,0.880173447,23,0.2459307,0.891542088,2,1,2.47,2.92,0.07,7.000000000000001e-4,0.02427322,0.0246
15,03-08-2021,plexippus,79,152,plexippus152,1,4.602506052,7.187030956,0.908747022,0.923552116,44463.881,6.984216033,16,0.224336,0.02497322,354130.101,354.130101,4211.443,4.211443,3,8,2021,4.6,0.15,23.3,0.569,2763,0.5357,0.9293,1510,0.503055058,0.888425213,24,0.4871708,0.900206113,0,0,4.55,2.92,0.07,7.000000000000001e-4,0.02427322,0.0246
15,03-08-2021,polios,79,152,polios152,1,94.66828277,98.51429281,1.13695488,1.162706887,44463.881,6.984216033,16,0.224336,0.02497322,354130.101,354.130101,4211.443,4.211443,3,8,2021,4.6,0.15,23.3,0.569,2763,0.5357,0.9293,1510,98.21315289,1.10160709,25,93.7880382,1.122098808,0,0,94.58,2.92,0.07,7.000000000000001e-4,0.02427322,0.0246
15,03-08-2021,progne,79,152,progne152,1,48.59490738,57.38960174,1.004980822,1.025093936,29271.163,6.984216033,16,0.224336,0.02497322,354130.101,354.130101,4211.443,4.211443,3,8,2021,4.6,0.15,23.3,0.569,2763,0.5357,0.9293,1510,42.17037095,0.977373104,26,32.2871527,0.99337777,0,0,47.76,2.92,0.07,7.000000000000001e-4,0.02427322,0.0246
15,03-08-2021,rapae,79,152,rapae152,1,1.548335239,2.285833587,0.885457162,0.90049181,24335.074,6.984216033,16,0.224336,0.02497322,354130.101,354.130101,4211.443,4.211443,3,8,2021,4.6,0.15,23.3,0.569,2763,0.5357,0.9293,1510,0.114634228,0.864820262,27,0.1480245,0.876783826,3,1,1.53,2.92,0.07,7.000000000000001e-4,0.02427322,0.0246
15,03-08-2021,sassacus,79,152,sassacus152,1,71.02898629,83.05910101,1.074009756,1.107393437,45251.951,6.984216033,16,0.224336,0.02497322,354130.101,354.130101,4211.443,4.211443,3,8,2021,4.6,0.15,23.3,0.569,2763,0.5357,0.9293,1510,77.2256291,1.028186541,28,62.4139952,1.054751035,0,0,70.54,2.92,0.07,7.000000000000001e-4,0.02427322,0.0246
15,03-08-2021,selene,79,152,selene152,1,25.97836863,34.45960434,0.950282888,0.970199745,44463.881,6.984216033,16,0.224336,0.02497322,354130.101,354.130101,4211.443,4.211443,3,8,2021,4.6,0.15,23.3,0.569,2763,0.5357,0.9293,1510,8.881926745,0.922944556,29,7.2571091,0.938793055,0,0,25.43,2.92,0.07,7.000000000000001e-4,0.02427322,0.0246
15,03-08-2021,tharos,79,152,tharos152,1,1.977880723,2.955050727,0.881777673,0.897946336,45251.951,6.984216033,16,0.224336,0.02497322,354130.101,354.130101,4211.443,4.211443,3,8,2021,4.6,0.15,23.3,0.569,2763,0.5357,0.9293,1510,0.166386573,0.859584199,30,0.1918817,0.872450135,1,1,1.96,2.92,0.07,7.000000000000001e-4,0.02427322,0.0246
15,03-08-2021,themistocles,79,152,themistocles152,1,0.782925894,1.084515466,0.845810394,0.864057358,45251.951,6.984216033,16,0.224336,0.02497322,354130.101,354.130101,4211.443,4.211443,3,8,2021,4.6,0.15,23.3,0.569,2763,0.5357,0.9293,1510,0,0,31,0,0,0,0,0.77,2.92,0.07,7.000000000000001e-4,0.02427322,0.0246
15,03-08-2021,tullia,79,152,tullia152,1,1.748342007,2.599564388,0.881479912,0.897354676,44463.881,6.984216033,16,0.224336,0.02497322,354130.101,354.130101,4211.443,4.211443,3,8,2021,4.6,0.15,23.3,0.569,2763,0.5357,0.9293,1510,0.137449778,0.859689818,32,0.1683473,0.872321889,0,0,1.73,2.92,0.07,7.000000000000001e-4,0.02427322,0.0246
15,03-08-2021,vestris,79,152,vestris152,1,2.157919233,3.246210967,0.87472646,0.892120734,45251.951,6.984216033,16,0.224336,0.02497322,354130.101,354.130101,4211.443,4.211443,3,8,2021,4.6,0.15,23.3,0.569,2763,0.5357,0.9293,1510,0.185306786,0.850850683,33,0.2098845,0.864691879,0,0,2.13,2.92,0.07,7.000000000000001e-4,0.02427322,0.0246
15,31-05-2021,antiopa,15,151,antiopa151,1,32.36101438,50.69323619,0.965742017,1.004687894,45251.951,4.427625829,15,0.210315,0.02513065,354130.101,354.130101,4211.443,4.211443,31,5,2021,4,0,25.3,0.31,3265,0.5432,0.9608,1510,37.8746194,0.941923814,1,19.1899014,0.984480171,0,0,32.13,3.32,0.08,8e-4,0.02433065,0.0243
15,31-05-2021,aphrodite,15,151,aphrodite151,1,49.92759055,67.21183123,1.00943861,1.053868045,45251.951,4.427625829,15,0.210315,0.02513065,354130.101,354.130101,4211.443,4.211443,31,5,2021,4,0,25.3,0.31,3265,0.5432,0.9608,1510,68.4014789,0.982266854,2,37.4498711,1.030815129,0,0,49.7,3.32,0.08,8e-4,0.02433065,0.0243
15,31-05-2021,archippus,15,151,archippus151,1,13.05457514,26.89267073,0.898954739,0.94001387,44463.881,4.427625829,15,0.210315,0.02513065,354130.101,354.130101,4211.443,4.211443,31,5,2021,4,0,25.3,0.31,3265,0.5432,0.9608,1510,9.642235755,0.87384413,3,6.1247713,0.91870965,0,0,0,3.32,0.08,8e-4,0.02433065,0.0243
15,31-05-2021,atalanta,15,151,atalanta151,1,26.22171398,45.51326664,0.942007459,0.986617318,45251.951,4.427625829,15,0.210315,0.02513065,354130.101,354.130101,4211.443,4.211443,31,5,2021,4,0,25.3,0.31,3265,0.5432,0.9608,1510,28.00293606,0.914725325,4,14.6102028,0.963470743,0,0,25.99,3.32,0.08,8e-4,0.02433065,0.0243
15,31-05-2021,augustinus,15,151,augustinus151,1,79.91301226,93.29327969,1.10564339,1.166645611,24335.074,4.427625829,15,0.210315,0.02513065,354130.101,354.130101,4211.443,4.211443,31,5,2021,4,0,25.3,0.31,3265,0.5432,0.9608,1510,94.13060026,1.068336147,5,73.4346633,1.134993583,0,0,79.78,3.32,0.08,8e-4,0.02433065,0.0243
15,31-05-2021,baptisiae,15,151,baptisiae151,1,42.26160263,59.08057851,0.982889819,1.05222846,29271.163,4.427625829,15,0.210315,0.02513065,354130.101,354.130101,4211.443,4.211443,31,5,2021,4,0,25.3,0.31,3265,0.5432,0.9608,1510,55.61765985,0.940484256,6,28.5199001,1.016250941,0,0,42.04,3.32,0.08,8e-4,0.02433065,0.0243
15,31-05-2021,bellona,15,151,bellona151,1,55.04191505,72.69954328,1.022944849,1.069516069,44463.881,4.427625829,15,0.210315,0.02513065,354130.101,354.130101,4211.443,4.211443,31,5,2021,4,0,25.3,0.31,3265,0.5432,0.9608,1510,75.27022619,0.994463201,7,43.6841665,1.045351808,0,0,54.81,3.32,0.08,8e-4,0.02433065,0.0243
15,31-05-2021,bimacula,15,151,bimacula151,1,50.84744929,68.23836451,1.024124559,1.115273292,44463.881,4.427625829,15,0.210315,0.02513065,354130.101,354.130101,4211.443,4.211443,31,5,2021,4,0,25.3,0.31,3265,0.5432,0.9608,1510,69.7107438,0.968380556,8,38.5642743,1.067979239,0,0,50.62,3.32,0.08,8e-4,0.02433065,0.0243
15,31-05-2021,cocyta,15,151,cocyta151,1,89.88730843,97.56905176,1.154930418,1.219231971,45251.951,4.427625829,15,0.210315,0.02513065,354130.101,354.130101,4211.443,4.211443,31,5,2021,4,0,25.3,0.31,3265,0.5432,0.9608,1510,97.68214441,1.115605397,9,85.7956285,1.185868029,0,0,89.88,3.32,0.08,8e-4,0.02433065,0.0243
15,31-05-2021,comyntas,15,151,comyntas151,1,26.49507171,45.75793823,0.939439346,0.986737124,45251.951,4.427625829,15,0.210315,0.02513065,354130.101,354.130101,4211.443,4.211443,31,5,2021,4,0,25.3,0.31,3265,0.5432,0.9608,1510,28.42540235,0.910513356,10,14.7984517,0.962195877,0,0,26.26,3.32,0.08,8e-4,0.02433065,0.0243
15,31-05-2021,cybele,15,151,cybele151,1,35.48127053,53.16713789,0.969671993,1.014554827,45251.951,4.427625829,15,0.210315,0.02513065,354130.101,354.130101,4211.443,4.211443,31,5,2021,4,0,25.3,0.31,3265,0.5432,0.9608,1510,43.42214006,0.942222915,11,21.8384288,0.991266614,0,0,35.25,3.32,0.08,8e-4,0.02433065,0.0243
15,31-05-2021,cymela,15,151,cymela151,1,37.75715635,55.00217486,0.967565488,1.028724583,24347.688,4.427625829,15,0.210315,0.02513065,354130.101,354.130101,4211.443,4.211443,31,5,2021,4,0,25.3,0.31,3265,0.5432,0.9608,1510,47.51304915,0.930162305,12,23.9239706,0.996991158,0,0,37.53,3.32,0.08,8e-4,0.02433065,0.0243
15,31-05-2021,dion,15,151,dion151,1,30.425151,49.16702914,0.919757083,0.999332599,69356.529,4.427625829,15,0.210315,0.02513065,354130.101,354.130101,4211.443,4.211443,31,5,2021,4,0,25.3,0.31,3265,0.5432,0.9608,1510,34.64712919,0.871090935,13,17.671654,0.958043504,0,0,30.2,3.32,0.08,8e-4,0.02433065,0.0243
15,31-05-2021,egeremet,15,151,egeremet151,1,59.73042948,77.52827316,1.069214566,1.163727271,45251.951,4.427625829,15,0.210315,0.02513065,354130.101,354.130101,4211.443,4.211443,31,5,2021,4,0,25.3,0.31,3265,0.5432,0.9608,1510,80.35776425,1.011413254,14,49.3898857,1.114687765,0,0,59.5,3.32,0.08,8e-4,0.02433065,0.0243
15,31-05-2021,eurytheme,15,151,eurytheme151,1,8.664925535,17.56470204,0.887135879,0.923969096,45251.951,4.427625829,15,0.210315,0.02513065,354130.101,354.130101,4211.443,4.211443,31,5,2021,4,0,25.3,0.31,3265,0.5432,0.9608,1510,4.312200957,0.864609719,15,3.3111806,0.904857562,0,0,8.55,3.32,0.08,8e-4,0.02433065,0.0243
15,31-05-2021,henrici,15,151,henrici151,1,91.8629916,98.10406699,1.201098248,1.278064191,24347.688,4.427625829,15,0.210315,0.02513065,354130.101,354.130101,4211.443,4.211443,31,5,2021,4,0,25.3,0.31,3265,0.5432,0.9608,1510,98.16170074,1.154028041,16,88.5437054,1.238129117,0,0,91.88,3.32,0.08,8e-4,0.02433065,0.0243
15,31-05-2021,lineola,15,151,lineola151,1,71.06755986,87.31241844,1.105442457,1.187733284,44463.881,4.427625829,15,0.210315,0.02513065,354130.101,354.130101,4211.443,4.211443,31,5,2021,4,0,25.3,0.31,3265,0.5432,0.9608,1510,89.37962157,1.055115701,17,62.9801491,1.145035305,1,1,70.87,3.32,0.08,8e-4,0.02433065,0.0243
15,31-05-2021,lucia,15,151,lucia151,1,87.09153239,96.6838843,1.110890968,1.16173399,45251.951,4.427625829,15,0.210315,0.02513065,354130.101,354.130101,4211.443,4.211443,31,5,2021,4,0,25.3,0.31,3265,0.5432,0.9608,1510,96.880709,1.079796805,18,30.764120900000002,1.135353233,0,0,87.05,3.32,0.08,8e-4,0.02433065,0.0243
15,31-05-2021,lucilius,15,151,lucilius151,1,44.28258474,61.13799478,0.991279379,1.062657798,24347.688,4.427625829,15,0.210315,0.02513065,354130.101,354.130101,4211.443,4.211443,31,5,2021,4,0,25.3,0.31,3265,0.5432,0.9608,1510,59.25021749,0.947626345,19,82.1669421,1.025621905,0,0,44.06,3.32,0.08,8e-4,0.02433065,0.0243
15,31-05-2021,lygdamus,15,151,lygdamus151,1,32.57874442,50.86722488,0.966799676,1.005176791,45251.951,4.427625829,15,0.210315,0.02513065,354130.101,354.130101,4211.443,4.211443,31,5,2021,4,0,25.3,0.31,3265,0.5432,0.9608,1510,38.24380165,0.943329312,20,19.3678018,0.98526418,1,1,32.35,3.32,0.08,8e-4,0.02433065,0.0243
15,31-05-2021,origenes,15,151,origenes151,1,40.68438293,57.58481949,0.977300725,1.043027567,45251.951,4.427625829,15,0.210315,0.02513065,354130.101,354.130101,4211.443,4.211443,31,5,2021,4,0,25.3,0.31,3265,0.5432,0.9608,1510,52.76370161,0.937104037,21,26.8457475,1.00892409,0,0,40.46,3.32,0.08,8e-4,0.02433065,0.0243
15,31-05-2021,pegala,15,151,pegala151,1,21.30621299,40.17561983,0.935610215,0.974133747,45251.951,4.427625829,15,0.210315,0.02513065,354130.101,354.130101,4211.443,4.211443,31,5,2021,4,0,25.3,0.31,3265,0.5432,0.9608,1510,20.78784254,0.912050307,22,11.3449606,0.954145165,0,0,21.08,3.32,0.08,8e-4,0.02433065,0.0243
15,31-05-2021,philodice,15,151,philodice151,1,25.18356647,44.54273597,0.946773802,0.985485255,45251.951,4.427625829,15,0.210315,0.02513065,354130.101,354.130101,4211.443,4.211443,31,5,2021,4,0,25.3,0.31,3265,0.5432,0.9608,1510,26.44791214,0.923098966,23,13.8951976,0.965399167,0,0,24.95,3.32,0.08,8e-4,0.02433065,0.0243
15,31-05-2021,plexippus,15,151,plexippus151,1,29.64997344,48.54556329,0.957440684,0.997555922,44463.881,4.427625829,15,0.210315,0.02513065,354130.101,354.130101,4211.443,4.211443,31,5,2021,4,0,25.3,0.31,3265,0.5432,0.9608,1510,33.38027403,0.932907332,24,17.0801904,0.976741456,0,0,29.42,3.32,0.08,8e-4,0.02433065,0.0243
15,31-05-2021,polios,15,151,polios151,1,95.34322926,98.86907351,1.221652723,1.291429241,44463.881,4.427625829,15,0.210315,0.02513065,354130.101,354.130101,4211.443,4.211443,31,5,2021,4,0,25.3,0.31,3265,0.5432,0.9608,1510,98.95008699,1.178979367,25,93.9841134,1.255224521,0,0,95.36,3.32,0.08,8e-4,0.02433065,0.0243
15,31-05-2021,progne,15,151,progne151,1,71.56491373,87.71694215,1.071132458,1.125630078,29271.163,4.427625829,15,0.210315,0.02513065,354130.101,354.130101,4211.443,4.211443,31,5,2021,4,0,25.3,0.31,3265,0.5432,0.9608,1510,89.67866464,1.037803246,26,63.5615987,1.097353072,0,0,71.37,3.32,0.08,8e-4,0.02433065,0.0243
15,31-05-2021,rapae,15,151,rapae151,1,22.23258376,41.28262288,0.934905822,0.97564305,24335.074,4.427625829,15,0.210315,0.02513065,354130.101,354.130101,4211.443,4.211443,31,5,2021,4,0,25.3,0.31,3265,0.5432,0.9608,1510,22.12701174,0.909992079,27,11.9395916,0.954505855,0,0,22,3.32,0.08,8e-4,0.02433065,0.0243
15,31-05-2021,sassacus,15,151,sassacus151,1,84.94022113,95.77316224,1.183808024,1.274262994,45251.951,4.427625829,15,0.210315,0.02513065,354130.101,354.130101,4211.443,4.211443,31,5,2021,4,0,25.3,0.31,3265,0.5432,0.9608,1510,96.13310135,1.12848828,28,79.4985245,1.227328873,0,0,84.87,3.32,0.08,8e-4,0.02433065,0.0243
15,31-05-2021,selene,15,151,selene151,1,51.3481969,68.77555459,1.015789038,1.069754888,44463.881,4.427625829,15,0.210315,0.02513065,354130.101,354.130101,4211.443,4.211443,31,5,2021,4,0,25.3,0.31,3265,0.5432,0.9608,1510,70.44095259,0.982785042,29,39.1715261,1.041753799,0,0,51.12,3.32,0.08,8e-4,0.02433065,0.0243
15,31-05-2021,tharos,15,151,tharos151,1,23.7096441,42.98444976,0.934956087,0.978765994,45251.951,4.427625829,15,0.210315,0.02513065,354130.101,354.130101,4211.443,4.211443,31,5,2021,4,0,25.3,0.31,3265,0.5432,0.9608,1510,24.22140061,0.908163181,30,12.9047001,0.956034487,0,0,23.48,3.32,0.08,8e-4,0.02433065,0.0243
15,31-05-2021,themistocles,15,151,themistocles151,1,18.53050424,36.45171814,0.905824299,0.95526548,45251.951,4.427625829,15,0.210315,0.02513065,354130.101,354.130101,4211.443,4.211443,31,5,2021,4,0,25.3,0.31,3265,0.5432,0.9608,1510,16.9399739,0.875587463,31,9.5906471,0.929612092,0,0,18.32,3.32,0.08,8e-4,0.02433065,0.0243
15,31-05-2021,tullia,15,151,tullia151,1,22.95859647,42.16942149,0.933691697,0.976705265,44463.881,4.427625829,15,0.210315,0.02513065,354130.101,354.130101,4211.443,4.211443,31,5,2021,4,0,25.3,0.31,3265,0.5432,0.9608,1510,23.12635929,0.907385779,32,12.4122155,0.954386929,8,1,22.73,3.32,0.08,8e-4,0.02433065,0.0243
15,31-05-2021,vestris,15,151,vestris151,1,24.24878514,43.56731187,0.931935885,0.979066654,45251.951,4.427625829,15,0.210315,0.02513065,354130.101,354.130101,4211.443,4.211443,31,5,2021,4,0,25.3,0.31,3265,0.5432,0.9608,1510,25.03479774,0.903112031,33,13.2647996,0.954612062,0,0,24.01,3.32,0.08,8e-4,0.02433065,0.0243
